employee_id,name,role,restaurant_id,hire_date
2510dc2d-8bd6-4ee3-bc63-25870dfce70c,Elizabeth Cowan,Admin,restaurant_39,2021-08-29
b6a57aa2-acb3-44d9-b863-21a48a200bb1,Robin Gonzalez,Admin,restaurant_947,2024-09-25
7ff3ed20-d10d-49b2-ba91-fef5d9860efa,Cynthia Hansen,Restaurant Staff,restaurant_217,2024-08-19
1ca1fa31-c794-43bd-bddd-24cc26270b31,Christian Parsons,Restaurant Staff,restaurant_299,2022-08-17
73dcb60d-4793-422c-9246-205ca5acb85b,Brian Little,Restaurant Staff,restaurant_963,2020-02-04
22d7d57e-ff96-4db4-bbbf-9e50d55f108f,Jacob Miller,Admin,restaurant_795,2023-12-21
164e496c-73b8-4ebd-82f6-df9d0c969661,Rebecca Soto,Restaurant Staff,restaurant_58,2022-01-08
f3456f18-7158-4c00-9384-4ac3069adab5,Alexis Stephens MD,Admin,restaurant_631,2022-11-19
c2814034-1046-4ab7-bc90-90735bd8aa7d,Michael Medina,Restaurant Staff,restaurant_90,2021-02-26
850d9f2b-5c32-4e08-851a-2d17cd0b8bf9,Lance Clark,Restaurant Staff,restaurant_235,2020-04-25
7b384d55-ba8c-40ea-8f6e-1188424dd86e,Lisa Blackburn,Admin,restaurant_613,2022-08-23
77389df1-2276-4887-8805-4b0b59a23ff2,Mary Bates,Restaurant Staff,restaurant_888,2023-10-01
ce995d14-b0e5-4319-a709-3cb49653c3ca,Lucas Howell,Admin,restaurant_166,2024-01-23
dfca7f01-1aaa-42b2-9109-27e40030b32a,Cynthia Todd,Restaurant Staff,restaurant_765,2021-12-16
3992b14c-004e-4364-8578-ae3b8b382c7f,Mr. Matthew Scott DDS,Admin,restaurant_897,2021-08-20
4fbe6373-5a0f-4114-83d3-315343e7cbf2,Misty Schwartz,Admin,restaurant_915,2020-11-20
410d5dec-90b0-4b5a-adb2-ca62718ef288,Lori Walker,Admin,restaurant_627,2021-07-16
a5a3d808-f563-497e-9634-1b01f9cc145b,Julie Crawford,Admin,restaurant_304,2024-08-02
bdb1c48b-5eb6-4d08-8761-bdfb92283eda,Kenneth Ward,Restaurant Staff,restaurant_815,2021-06-03
33ebd6be-cf4d-422d-98df-c03ea7557bff,Billy Perez,Restaurant Staff,restaurant_286,2022-03-15
8a658357-4af6-442f-9c8f-517a32a3e17c,Virginia Green,Admin,restaurant_668,2020-03-09
6c948eb5-09dc-4281-af5d-645af06aeb0e,Mandy Ward,Admin,restaurant_291,2022-08-10
5bffbe90-a9ac-4a0b-a2ef-314253f8cb47,Brian Miller,Admin,restaurant_876,2021-05-10
4b7d98cb-366e-4fdc-abff-c219d2ab2717,Nathaniel Mercado,Restaurant Staff,restaurant_158,2023-08-28
ccfcfe0b-1ab8-4340-ba5b-5be94be0dfeb,Edwin Johnson,Admin,restaurant_377,2021-08-21
03953eca-798f-43c2-9765-3cdf46a2d82c,Ryan Stewart,Restaurant Staff,restaurant_86,2021-01-18
b5ef6862-3b56-4c81-ac13-66960465a470,Paul Campbell,Admin,restaurant_126,2022-02-21
c23b42d4-0115-4e39-9c4f-7c8d6e5aaeeb,William Shelton,Admin,restaurant_613,2021-09-07
a3c83a96-2a9d-4d17-b01f-02793b693c22,Christopher Terrell,Restaurant Staff,restaurant_486,2020-07-16
7d8da8c1-99c5-4434-bce0-c885da812b1b,Christopher Casey,Restaurant Staff,restaurant_698,2020-10-14
f852ed2d-8630-4dec-a911-9acf52fb5bfb,Cassandra Perez,Admin,restaurant_797,2020-10-04
3ae53a06-5301-425e-9131-6174c8feedb1,Christine Graham,Admin,restaurant_980,2024-08-10
0dfd1434-cc8a-4477-a2f8-04fe81c26994,Susan Peterson,Restaurant Staff,restaurant_395,2020-10-24
26141301-be37-4825-bb5c-0ec7e7afddc6,Laura Weaver,Restaurant Staff,restaurant_759,2022-11-24
d9aa3d95-c090-4057-a224-c911b78c2040,Madeline Kim,Restaurant Staff,restaurant_267,2023-09-21
5b2a936c-7dae-4ca3-bf83-2f4ea0ab14bd,Jennifer Mcclure,Restaurant Staff,restaurant_464,2022-08-14
589b1f21-f707-4633-af49-0499ccaafa0e,Riley Snow,Restaurant Staff,restaurant_570,2022-07-23
90264c79-a4ed-43bd-9ec3-64b9679c7949,Shane Mccarty,Restaurant Staff,restaurant_959,2020-10-21
1d644fc4-45e3-4d10-a89f-cc9e9b232953,Kent Brown,Admin,restaurant_668,2020-11-07
74be388d-90e8-4516-aa31-5ffeb68ffe85,Joanna Shields,Restaurant Staff,restaurant_935,2024-05-22
bc2ae85c-f065-4b06-8291-cfdf702c3eb0,Jesse Guerrero,Restaurant Staff,restaurant_825,2024-07-16
5efe1909-1dd5-4545-b980-1c114755e9bd,Mark Ellis,Admin,restaurant_918,2021-07-29
2fc7f9ee-80e1-4879-a934-85727484c8da,Kelly Delacruz,Admin,restaurant_853,2022-06-27
f310df56-b9a7-4fac-b179-67c907771282,Matthew Grant,Restaurant Staff,restaurant_152,2023-04-27
8e58a07f-2847-44b8-ad23-3777941ba568,Katherine Vasquez,Admin,restaurant_658,2022-08-13
b406dcfb-e7fc-4f5b-8c4e-369356cf8815,Mackenzie Hunter,Admin,restaurant_383,2022-09-05
a3a2c54a-80fd-43d8-9da1-353d50889005,Christopher Torres,Admin,restaurant_658,2021-07-10
3bf22881-a013-48aa-9eca-52abf2819657,Jeffrey Smith,Admin,restaurant_837,2024-02-18
c1769d74-4572-41e2-8975-fd65c8a24902,Natalie Davis,Admin,restaurant_871,2022-07-05
51b53843-d8ac-411d-b1aa-ee95488db4dc,Eric Fuller,Admin,restaurant_922,2022-03-07
33de75ec-2fb3-483c-ab77-feecb82981c4,Curtis Stark,Admin,restaurant_531,2021-11-08
91259da6-c572-4435-86e2-dd416bd633d5,Kimberly Anderson PhD,Restaurant Staff,restaurant_708,2022-07-24
3f327494-b2e1-41a2-8e15-0e00b7b516b5,Alyssa Parsons,Restaurant Staff,restaurant_556,2023-02-24
ed927c19-a187-496e-b548-9bbf9f6d8cbe,Jacob May,Restaurant Staff,restaurant_25,2023-02-18
d63307c8-0bcd-43da-adc5-4b845ab82678,Mackenzie Peters,Admin,restaurant_717,2020-06-02
b8d4b49e-e72b-44f4-adce-df9af82190ca,Cynthia Burton,Admin,restaurant_165,2021-06-13
d1b5ce69-7e32-469e-a085-6b7e8487f6ec,Cody Ellis,Restaurant Staff,restaurant_386,2023-01-18
39d2251e-f6b2-4c79-8755-4641c1ae1cd7,John Lopez,Admin,restaurant_284,2020-03-22
07b24420-4da5-482c-8465-4d10baa9938b,Phillip Pierce,Restaurant Staff,restaurant_863,2023-09-11
bb1d700e-e6fc-4bc9-bdd3-849015934834,Tyler Wood,Admin,restaurant_987,2021-12-15
33574038-b60f-4fa2-a0a0-38a792329c86,Caitlin Decker,Restaurant Staff,restaurant_688,2022-04-19
59e6b58d-e595-4438-9166-949697600092,Janice Fischer,Admin,restaurant_49,2022-12-30
e04e28cc-5992-465a-8704-e8cd2aa72450,Kevin Hernandez,Admin,restaurant_748,2022-08-06
5149e754-02cf-4e33-ac25-48fbb9d419d5,Kevin Vargas,Admin,restaurant_638,2020-11-23
2a2d2b08-ef89-4931-ae59-fbfef2b519d3,James Smith,Restaurant Staff,restaurant_724,2023-07-08
e979534d-1e3b-4fe2-82a1-2b61255ecd6a,Charles Watson,Admin,restaurant_572,2023-11-03
07d47a42-7179-48e8-984a-770da7e7d08b,Christine Craig,Admin,restaurant_35,2020-12-29
a5565e32-c5fb-4a6b-89c9-3329969b4088,Erin Davis,Admin,restaurant_117,2021-08-17
3c470fe6-8704-4b78-9ada-cf42aad73cc5,Kathleen Lewis,Restaurant Staff,restaurant_325,2022-10-22
1f88a6c8-2eb8-4add-9fae-a20e91bffdc4,Jake Young,Admin,restaurant_155,2024-05-31
3cbe9cd0-69fe-443e-aca6-15aad631f519,Joseph Davis,Admin,restaurant_854,2022-09-01
1b633930-987b-4813-9f80-fe5dda5bc731,Nicole Ruiz,Restaurant Staff,restaurant_716,2023-12-07
d6a6e0f5-9b95-4a5f-9e7a-350a542b2280,Antonio Freeman,Restaurant Staff,restaurant_219,2022-11-21
ede353f6-5e58-4880-b67a-bda6d40cae77,Luke Vega,Restaurant Staff,restaurant_203,2021-12-15
3b6bff70-4433-4611-8b1a-e6282b5de680,Pamela Conner,Restaurant Staff,restaurant_142,2020-07-26
be54720b-3211-4a50-9d4d-ad535114a710,Dana King,Restaurant Staff,restaurant_53,2023-03-13
bcb8c289-552e-4bfd-b2ee-ed0103147ccb,Leslie Bryant,Admin,restaurant_92,2021-07-25
1b57d751-ed69-4865-9d89-4ce74cfcd9e1,Anthony Stewart,Admin,restaurant_777,2020-04-14
08f02799-4c6c-4c86-9090-b9ae07a05cc0,Patrick Norman,Restaurant Staff,restaurant_118,2020-04-13
110e6b9f-1884-4998-81a7-549e926189ba,Gregg Lam,Restaurant Staff,restaurant_881,2023-06-17
de108ee9-0dfd-44e5-bc14-9d82e0146db1,Michelle Andrews,Restaurant Staff,restaurant_980,2022-02-17
410fb228-d2f4-4bda-ba86-ead1780d9117,Meghan Carpenter,Admin,restaurant_119,2022-07-13
fb1d323d-f19c-4b0e-9d03-b88ef7a87bc4,Kevin Gray,Restaurant Staff,restaurant_450,2022-06-09
a6886873-1b01-4c66-bff6-65db03d1b24a,Robert Davidson,Restaurant Staff,restaurant_856,2020-08-22
12f2c651-819d-4bb6-865d-e2f5f807eead,Sherri Page,Restaurant Staff,restaurant_340,2020-02-09
352e2153-a0a0-44ac-95f5-ca4f59735b01,David Washington,Admin,restaurant_893,2021-03-03
99e553e4-372b-4032-b3ee-2147256c9576,Rachel Dillon,Restaurant Staff,restaurant_284,2021-07-28
a3c66399-2848-42be-9b57-e6b4bd0918ac,Crystal Thompson,Admin,restaurant_159,2024-01-09
927e9c08-baad-4e36-8b95-32dc503044aa,Tina Ramirez,Restaurant Staff,restaurant_169,2022-07-01
a385a848-7497-4240-89d9-92d6cebcf05d,Marcus Nielsen,Restaurant Staff,restaurant_687,2022-06-02
3b6e8b4a-2522-4683-962b-0af7460de930,Ashley Combs,Restaurant Staff,restaurant_912,2021-07-21
5d505b4a-1d5e-4f96-ac80-de3d2342a55c,Stacy Ward,Admin,restaurant_941,2023-03-13
3370ea69-df86-4f82-a321-4af9509aa235,David Bruce,Restaurant Staff,restaurant_254,2020-03-21
a004050b-e1d5-40d8-9aff-a1db9c053c7d,Charles Gould,Admin,restaurant_152,2021-07-13
97fc4cc4-125f-42b6-b8c4-ae3d064b475d,Jennifer Brown,Restaurant Staff,restaurant_567,2021-10-27
73dd1dc4-e838-4dad-823f-93a8dfbd2655,Douglas Moore,Admin,restaurant_242,2023-05-08
282a4126-26e4-4ec8-a763-b18a8d3a8436,Kathleen Sellers,Admin,restaurant_642,2020-03-28
f55cae7f-61b4-43aa-adbb-e84c12c8780c,Nicole Nelson,Restaurant Staff,restaurant_289,2021-06-14
9b99c74a-ab23-4917-a22f-96533bb4644b,Jill Dennis,Admin,restaurant_328,2023-12-08
9fd08eda-69e6-4437-a4f1-dd713470b1e5,Robert Howard,Restaurant Staff,restaurant_396,2021-03-21
9a2f5a46-216c-4710-88ad-e3bf5b102929,Paul Calderon,Restaurant Staff,restaurant_822,2020-03-26
e71a7b02-3709-4e2d-921b-da29c405c411,Justin Russell,Restaurant Staff,restaurant_445,2021-06-11
95fee5a1-1452-4327-ba36-ee967340dbf2,Krystal Robertson,Admin,restaurant_650,2024-08-08
5256b62a-dece-4a99-b43d-a98e411ba35a,Amber Nelson,Restaurant Staff,restaurant_621,2020-10-10
5774668d-e0b6-48d0-839e-8e6e1c4bdaeb,Helen Hicks,Restaurant Staff,restaurant_628,2021-02-11
03c3eb8f-ac3e-4525-b1a6-659f58dc8cf4,Patricia Hernandez,Admin,restaurant_504,2024-08-13
c68c9f66-4e5e-40dd-81a6-a011a2178097,Frederick Klein,Admin,restaurant_575,2021-10-05
a599f0f4-cf5e-4ed5-9760-5313397db91b,Anthony Simpson,Admin,restaurant_343,2023-12-26
e2af2ee7-eff3-421e-9ef7-ed98b7419456,Troy Reid,Admin,restaurant_128,2021-04-24
3544bc7b-d14d-4cf7-b2e6-4ed8c4a4f09e,Micheal Young,Admin,restaurant_550,2020-07-02
5f9227c7-8db7-49dc-8ba7-deca7b2f90db,Eric Marquez,Restaurant Staff,restaurant_745,2022-12-08
1079474b-dd53-4b8c-8d0a-22d30ecc1039,Kelly Cordova,Admin,restaurant_145,2023-09-17
c5635096-e61c-4bbb-9bcd-ca477bce8810,Monica Johnston,Admin,restaurant_408,2023-08-08
45b14f14-9e92-4265-8582-2cafc0291ce8,Elizabeth Walker,Admin,restaurant_62,2021-01-03
7fcce820-f788-4437-8f34-41f1c219536e,Marie Nguyen,Admin,restaurant_998,2020-11-05
7d23448a-5268-42fc-95a6-0811268a89c0,Lori Campbell,Restaurant Staff,restaurant_702,2022-03-10
bebb24af-1f2a-44e3-8a3c-bce18338c691,Mrs. Stephanie Browning,Restaurant Staff,restaurant_648,2021-12-27
9a1e2737-fbc9-4529-b456-953e78fcfa93,Paige Bradshaw,Admin,restaurant_362,2023-01-11
6219b690-0e54-4cde-a178-3ce9e245e1a4,Joseph Taylor,Restaurant Staff,restaurant_448,2023-05-14
99e63bc0-a246-40f3-a7f2-795f294534ef,Claudia Wright,Admin,restaurant_418,2021-10-10
a9aace23-c670-4de6-92e1-e4990a4b08a4,Richard Ramirez Jr.,Restaurant Staff,restaurant_431,2020-12-18
52a546df-92b9-4036-9277-b0ac9ab12eb5,Debra Johnson,Admin,restaurant_58,2020-12-01
b57af17e-f0ea-42c9-876f-8ae401697e4f,Cody Jones,Admin,restaurant_950,2020-02-03
beb1a32f-c5b7-485d-9cab-6188346ba4ac,Marvin Garcia,Admin,restaurant_478,2021-07-04
28f569b4-0564-4223-8440-cea771ff1f60,Terry Peterson,Restaurant Staff,restaurant_754,2021-07-17
46cef961-01df-4f6c-9fe0-cacf7402bb4b,Melissa Alvarado,Admin,restaurant_828,2023-09-07
eaaae922-6125-441c-8f96-8db745e45fb3,Melinda Stafford DVM,Restaurant Staff,restaurant_961,2021-08-19
8f296a26-6aa5-4812-9965-903a872bf865,Nicole Stanton,Admin,restaurant_54,2021-06-07
38ecae66-9f3b-4f3a-a87e-951fbf1eb9c7,Ronald Merritt,Restaurant Staff,restaurant_471,2020-04-23
78991b30-c393-46ce-b0f9-215331b8afe9,Linda Mullins,Admin,restaurant_991,2022-05-26
ad703859-611a-4db3-9a73-de7e34daecb8,Linda Moore,Restaurant Staff,restaurant_493,2022-02-02
e88f7e24-1ee1-4577-b65f-62ec8de904d4,Joseph Williams,Restaurant Staff,restaurant_292,2022-12-19
3968cbdd-1e22-43ab-b0b4-4513cd4e2bc5,Carla Anderson,Admin,restaurant_214,2022-12-16
4537a0cc-77de-4c8c-b0ae-d6754489e76d,Timothy Brooks,Restaurant Staff,restaurant_97,2022-05-06
d8b22b18-5740-426d-a929-eebb2fb99abe,Gerald Smith,Admin,restaurant_605,2024-04-24
bbf930ff-48ea-44f9-8e5b-eaaf327f0f53,Larry Cooper,Admin,restaurant_109,2021-09-07
1dca5bf1-1760-4b49-bfa8-6aed52070acd,Thomas Williams,Restaurant Staff,restaurant_532,2021-01-02
fb2db4cb-3e40-4e72-84ab-eb56578311c0,Chad Gaines MD,Restaurant Staff,restaurant_204,2020-03-09
890c0761-8272-429a-84be-239c9c9d50a0,Matthew Moore,Restaurant Staff,restaurant_929,2024-03-31
70862b12-73da-4f28-ac80-25294a063a8c,James Dixon,Admin,restaurant_732,2021-01-03
709e9a5e-9725-4bd9-82e2-924b963143e1,Daniel Jackson,Restaurant Staff,restaurant_681,2021-05-27
05116eca-d1d1-4397-967f-37e08d2a9674,Amanda Gibbs,Admin,restaurant_476,2022-07-04
d983a953-61e6-4115-b9f4-94b778679e12,Larry Martinez,Restaurant Staff,restaurant_797,2022-12-28
cf8e904e-f3cd-4e06-8f93-e456801c860a,Jessica Jenkins,Restaurant Staff,restaurant_320,2024-02-09
b621e00a-ee50-41f1-87ff-62e096d4f053,Ronald Thomas,Admin,restaurant_145,2023-03-10
42386045-7ebf-4efd-bbc9-c3498e014833,Jennifer Montgomery,Admin,restaurant_492,2021-01-06
9e6070b0-52d9-4550-a268-13b2e5271761,Brian Mejia,Restaurant Staff,restaurant_332,2021-06-16
f5f6ff29-7f5f-4604-8bc4-29822d679dc8,Jared Austin MD,Admin,restaurant_449,2022-12-09
e4895dc6-485f-4550-b28c-ede13ff45497,John Sanchez,Admin,restaurant_306,2020-12-28
920fb38c-6b6e-4d5e-8b5a-550a8c4edbcd,Dan Solis,Admin,restaurant_761,2024-06-06
