restaurant_id,name,cuisine_type,address,rating
restaurant_1,Santos Inc,Chinese,"211 Mark Prairie Apt. 268
Turnermouth, NC 76164",4.7
restaurant_2,Stone PLC,Italian,"7326 Patterson Prairie Apt. 259
West Justinbury, AL 28408",4.3
restaurant_3,"Castaneda, Smith and King",Chinese,"Unit 7173 Box 9794
DPO AP 54341",4.3
restaurant_4,"Anderson, Brooks and Lambert",Indian,"4597 Sims Flat
North Craig, VA 49708",2.3
restaurant_5,"Jacobson, Chase and Rose",Indian,"74742 Stephanie Prairie
Hartfurt, NM 95032",4.8
restaurant_6,"Myers, Sullivan and Hall",Mexican,"USNV Lloyd
FPO AE 92539",4.6
restaurant_7,"Hernandez, White and Scott",Indian,"12854 Jeffery Bypass
South Elizabeth, IA 73187",3.6
restaurant_8,Taylor-Morales,Italian,"11710 Rebecca Square
Spearsstad, PR 58259",3.3
restaurant_9,"Parsons, Hill and Kent",Indian,"42478 Acosta Creek
Lake Madison, PA 62952",3.1
restaurant_10,"Miller, Reynolds and Robinson",Mexican,"Unit 1927 Box 5935
DPO AP 47212",3.0
restaurant_11,Reese Inc,Mexican,"261 Mary Meadows Suite 344
Greenefort, AL 18172",4.1
restaurant_12,Owen-Acosta,Mexican,"2397 Howard Harbors
Suzannemouth, OH 70393",3.7
restaurant_13,"Perry, Robertson and Smith",Chinese,"673 Mary Loop
Ashleybury, KS 45135",3.1
restaurant_14,Robertson-Combs,Italian,"5158 Berry Islands
East Kim, UT 41879",3.5
restaurant_15,Cooper Inc,Indian,"906 Smith Gateway
West Larrymouth, NV 46263",4.4
restaurant_16,Walton-Saunders,Mexican,"245 Taylor Course Apt. 122
Salazarmouth, OR 12862",2.6
restaurant_17,Douglas-Davis,Mexican,"41028 Patricia Lakes Suite 594
Taylormouth, PW 34991",3.6
restaurant_18,Cordova Group,Indian,"6055 Donna Landing
Jamesside, DE 20060",3.5
restaurant_19,Carter-Robles,Chinese,"778 Veronica Ranch Apt. 173
Johnsonborough, NH 13778",3.7
restaurant_20,Price-Mahoney,Chinese,"452 Anderson Radial Apt. 854
Benjamintown, GU 65245",3.1
restaurant_21,"Weaver, Taylor and Patterson",Mexican,"5806 Jones Union Suite 600
West Matthew, NV 81111",2.1
restaurant_22,Lang Group,Indian,"74917 Stuart Burg Suite 903
Bellport, AK 35679",4.3
restaurant_23,"Williams, Fisher and Gomez",Chinese,"87069 Moran Garden Suite 902
South Richard, HI 58346",3.4
restaurant_24,"Lopez, Simmons and Blevins",Indian,"550 Grant Common
Sellerstown, CA 12946",4.8
restaurant_25,"Lopez, Hill and Savage",Chinese,"894 Jacqueline Turnpike
Mannstad, OK 40319",2.7
restaurant_26,"Kline, Morrow and Stephens",Mexican,"56218 Kelley Shore Suite 244
Riosview, MT 10873",3.9
restaurant_27,Gutierrez-Hughes,Indian,"4723 Martin Turnpike Apt. 777
Robertfort, HI 15098",4.2
restaurant_28,"Thomas, Logan and Walker",Chinese,"Unit 9998 Box 9855
DPO AE 72028",4.8
restaurant_29,Smith-Fernandez,Chinese,"08061 Christine Junction
Sawyermouth, SD 14164",2.8
restaurant_30,Welch and Sons,Italian,"131 Watkins Hill Apt. 699
Port Devin, GU 73397",4.1
restaurant_31,Hunter-Moore,Chinese,"USCGC Blake
FPO AE 58756",4.2
restaurant_32,Thomas-Whitney,Mexican,"6873 Butler Rapid
Hubbardview, AK 23362",3.6
restaurant_33,"Perkins, Yates and Smith",Mexican,"28083 Melton Glen
South Andrew, TN 86406",3.2
restaurant_34,Lester-Hill,Mexican,"002 Jessica Port
South Stephanieland, IA 31890",4.2
restaurant_35,"Atkins, Crawford and Baker",Italian,"107 Tucker Stream Suite 080
South Madeline, DC 34218",4.5
restaurant_36,White PLC,Chinese,"689 Nathan Ville Suite 816
Amandamouth, VT 70794",2.8
restaurant_37,Ellis-Boyd,Mexican,"9256 James Lock Suite 905
New Raymondfurt, NJ 97358",2.6
restaurant_38,Reyes Inc,Indian,"85668 Hines Meadow
Duffyfurt, OH 51645",2.4
restaurant_39,"Nunez, Marshall and Stone",Italian,"83008 Mallory Row Apt. 995
South David, AS 33431",4.5
restaurant_40,Bailey LLC,Chinese,"8250 Bowman Ridge
Thomasborough, WI 81628",4.8
restaurant_41,Lucas-Hodge,Indian,"USS Walker
FPO AE 21607",4.1
restaurant_42,Walker PLC,Mexican,"40436 Theresa Radial
Hoovershire, ND 39504",3.8
restaurant_43,"Colon, Phillips and Davis",Mexican,"141 Rachel Stream
Solomonmouth, NH 17432",3.0
restaurant_44,Lopez-Wood,Indian,"6474 Gaines Fords Apt. 114
Millerborough, WA 88020",3.7
restaurant_45,Lawrence-Montes,Italian,"8685 Tracy Tunnel Suite 722
Davilatown, WV 57761",3.8
restaurant_46,Nguyen-Brady,Chinese,"41892 Bradley Port Apt. 383
East Nathanberg, AL 06684",4.7
restaurant_47,"Moore, Smith and Little",Indian,"452 Ashley Motorway Apt. 123
North Kevin, PR 36228",3.7
restaurant_48,"Hall, Mcgrath and Alexander",Chinese,"512 Brendan Cliff
Shannonbury, AL 98975",4.3
restaurant_49,"Coleman, Allen and Floyd",Indian,"770 Daniels Neck Suite 031
Erikaview, FM 06463",4.5
restaurant_50,Lucero-Deleon,Italian,"39123 Bridges Haven
West Janice, AK 31167",2.1
restaurant_51,Russo LLC,Italian,"22680 Richard Summit
Port Willieside, DC 68977",3.7
restaurant_52,"Blair, Simpson and Wilkinson",Mexican,"180 Thornton Island Suite 724
Josemouth, OR 66846",4.6
restaurant_53,"Holland, Morgan and Herrera",Chinese,"424 Stephanie Ways Apt. 162
West Michael, NJ 08592",2.6
restaurant_54,Solis-Walker,Italian,"267 Nolan Pike Suite 491
South Sarah, MP 50438",3.5
restaurant_55,Sanchez LLC,Chinese,"4940 Bowers Run Suite 518
East James, DC 27499",3.6
restaurant_56,Sanchez PLC,Chinese,"2303 Johnny Points
Ayersburgh, CT 00520",3.5
restaurant_57,"Steele, Zimmerman and Wright",Italian,"6937 Andrea Stream
Walkerbury, MO 73667",3.7
restaurant_58,"Turner, Mack and Michael",Italian,"198 Chavez Springs Suite 663
Dianahaven, KY 01663",3.0
restaurant_59,Owens Inc,Indian,"85864 Emily Tunnel
Taylorchester, OH 21399",4.4
restaurant_60,Fernandez-Chambers,Mexican,"Unit 1306 Box 3137
DPO AA 54753",3.7
restaurant_61,Curtis-Wagner,Italian,"78097 Joshua Alley
New Georgemouth, HI 31725",2.8
restaurant_62,Moore PLC,Mexican,"566 Rose Turnpike
Stuartfurt, AR 51458",2.8
restaurant_63,Phillips-Carter,Mexican,"102 Powell Port
Jenniferborough, GU 66921",2.9
restaurant_64,"Cunningham, Doyle and Salazar",Indian,"79402 Lee Brooks Suite 824
East Helen, DC 08086",3.7
restaurant_65,Davis-Farmer,Indian,"Unit 1380 Box 0512
DPO AA 70916",2.3
restaurant_66,Vang PLC,Italian,"6797 Hicks Isle
Williamsshire, WY 37607",4.4
restaurant_67,Avila Inc,Indian,"839 English Bridge
Robinsonborough, LA 83863",3.6
restaurant_68,Austin Inc,Chinese,"73878 Evans Field Apt. 922
Hayleyburgh, MP 12338",2.3
restaurant_69,Reyes PLC,Mexican,"97719 Patricia Wells Apt. 469
West Sherryville, MD 23258",4.1
restaurant_70,Wilson PLC,Mexican,"338 Joseph Glens Suite 330
Brianchester, CA 99682",4.3
restaurant_71,Carpenter-Hale,Mexican,"847 Palmer Ville Suite 649
Amberfort, ID 10329",2.0
restaurant_72,Quinn Group,Mexican,"92044 Blackburn Falls Suite 298
Port Laurie, AK 71654",3.2
restaurant_73,Acevedo-Barrett,Chinese,"396 Joshua Port Suite 293
Andersonside, ND 44226",4.2
restaurant_74,Roberson-Roberson,Mexican,"780 Garcia Landing Apt. 141
Georgeside, CO 54698",5.0
restaurant_75,Gutierrez-Livingston,Indian,"6821 Perez Springs
Jamesmouth, NM 38144",3.4
restaurant_76,Chambers-Burke,Chinese,"36938 Brandi Field
New Steven, WI 00501",4.2
restaurant_77,Krueger-Roberts,Indian,"USS Schmidt
FPO AP 41778",4.1
restaurant_78,Coleman-Robertson,Italian,"265 Kathryn Knolls
West Angelaton, LA 89596",4.1
restaurant_79,Love Ltd,Mexican,"7707 Hall Tunnel
New Karenville, IA 42138",5.0
restaurant_80,Walters and Sons,Italian,"065 Oliver Islands
Terristad, FL 20871",2.9
restaurant_81,"Garcia, Jarvis and Scott",Mexican,"USS Jackson
FPO AE 54502",4.9
restaurant_82,Dixon LLC,Indian,"98436 Amy Motorway
Smithside, GA 38358",2.8
restaurant_83,Flores-Lee,Italian,"8224 Nicole Spurs Apt. 548
Melissaview, WI 39963",2.9
restaurant_84,Vaughan-Ramirez,Chinese,"0814 Smith Forges
Amandafort, OK 42415",2.8
restaurant_85,Cox Ltd,Mexican,"383 Madison Island Suite 911
North Colleenmouth, AZ 15629",4.3
restaurant_86,Krause PLC,Italian,"5821 Gregory Ferry
South Jason, GA 74319",2.0
restaurant_87,"Cline, Castillo and Fisher",Italian,"97784 Klein Trafficway Suite 843
Lisaside, HI 07733",2.8
restaurant_88,Miller and Sons,Chinese,"4535 Rhonda Expressway
Woodardland, OR 97496",3.0
restaurant_89,"Shaffer, Weiss and Wright",Mexican,"425 Wilkinson Mountain
Dillonview, WI 71713",4.7
restaurant_90,Ramirez-Brown,Mexican,"22090 Delacruz Summit Apt. 752
Garciaberg, IL 07380",3.2
restaurant_91,Wise-Watson,Indian,"08462 William Centers Suite 179
Lake Tanyaville, AL 48967",2.7
restaurant_92,Scott-Hall,Chinese,"4881 Oneal Locks
Mercadoview, SC 63874",3.9
restaurant_93,"Martinez, Melton and Bell",Mexican,"75478 Whitney Park
Phillipsburgh, MS 05500",2.3
restaurant_94,Brooks-Jones,Indian,"258 Rebecca Manors
Port James, WA 48352",3.4
restaurant_95,Allen-Mann,Chinese,"48340 Julie Ville
Gregoryberg, ID 68082",4.9
restaurant_96,Kirk-Mccarty,Indian,"694 Benjamin Fall
Fergusonview, IL 78200",3.4
restaurant_97,"Arnold, Hunter and Jenkins",Chinese,"246 Wood Rapids
Shahstad, DC 56838",2.7
restaurant_98,Hill-Harrison,Mexican,"4192 Walls Freeway Apt. 639
Lake Glenda, DC 83558",2.3
restaurant_99,Phillips Ltd,Chinese,"063 Brown Radial
West Robert, AR 47842",4.3
restaurant_100,"Martinez, Alexander and Martinez",Mexican,"325 Teresa Street Suite 054
North Caleb, AL 84311",2.6
restaurant_101,Thomas Ltd,Mexican,"9578 Flowers Inlet
Robertton, NM 78555",2.4
restaurant_102,Johnson Ltd,Italian,"5503 Jimenez Groves Suite 243
Leestad, NM 59938",2.6
restaurant_103,Avery PLC,Chinese,"0270 Joshua Knolls
Lake Anthonytown, MN 49367",4.2
restaurant_104,Nguyen Ltd,Mexican,"827 Sabrina Rest
Khanside, MN 74173",4.1
restaurant_105,"Stewart, Scott and Goodman",Indian,"7147 Alexandra Vista
Juanhaven, OR 25339",3.9
restaurant_106,"Clark, Martin and Barry",Italian,"94116 Becker Avenue
Port Maryfurt, ME 57333",4.8
restaurant_107,Hayes-Dunlap,Italian,"Unit 6064 Box 7147
DPO AP 62125",4.6
restaurant_108,Gomez Ltd,Indian,"85866 Alvarez Branch Apt. 972
West Jamesshire, CT 81083",2.4
restaurant_109,Herrera Ltd,Italian,"3339 Hughes Circle
Ruizton, MA 01118",4.0
restaurant_110,Williams-Ellis,Chinese,"660 Robertson Radial Suite 105
West Michael, WY 63510",3.9
restaurant_111,Lucero and Sons,Indian,"Unit 5892 Box 1445
DPO AP 47130",2.2
restaurant_112,Rice LLC,Chinese,"43814 Dunn Highway
West Kimberlyland, KY 07957",3.5
restaurant_113,Farmer Ltd,Mexican,"87723 King Ways Suite 925
Corymouth, SD 21665",3.4
restaurant_114,Wood PLC,Mexican,"0714 Michele Walks Apt. 155
Gabrielafort, CT 22715",2.4
restaurant_115,Meyer-Jackson,Chinese,"16121 Lynn Plain
Andersonmouth, WY 14764",2.2
restaurant_116,"Garrett, Smith and Miller",Italian,"77763 Cox Freeway
Matthewchester, RI 92727",2.9
restaurant_117,Brown and Sons,Mexican,"5607 Wang Dam
North Brittany, WY 16668",4.2
restaurant_118,Adkins LLC,Chinese,"22608 Jones Meadow
Kennedybury, ID 98701",5.0
restaurant_119,"Barnes, Burgess and Santos",Indian,"5639 Lane Gardens
Gamblechester, AK 02405",4.7
restaurant_120,"Christian, Pittman and Jordan",Indian,"189 Laurie Ramp
East Meghan, NE 50337",4.6
restaurant_121,Hamilton-Gaines,Indian,"03006 Mcmillan Highway Suite 175
Owenberg, PR 51289",2.5
restaurant_122,Lewis-Ramirez,Indian,"368 Brenda Extensions
South Timothy, WV 38600",2.3
restaurant_123,Huff-Butler,Chinese,"315 Ronald Highway
Jeannehaven, SC 39828",3.9
restaurant_124,Acosta-Mccann,Chinese,"264 Garcia Trafficway Suite 839
Timothymouth, AR 16655",3.9
restaurant_125,"Rodriguez, Harris and Park",Italian,"5189 Obrien Track Apt. 919
Rachelfort, MP 53976",2.4
restaurant_126,Cohen Ltd,Indian,"3107 Howard Fort Suite 222
Cynthiachester, WV 27375",3.9
restaurant_127,Peterson Inc,Indian,"8115 Nguyen Cape
Brookstown, AR 69951",2.8
restaurant_128,Farmer-Wilson,Italian,"81157 Williams Port Suite 919
Caseybury, IL 23145",3.2
restaurant_129,Whitney-Thomas,Chinese,"8850 Lisa Drive
Hayesfurt, PR 81790",2.3
restaurant_130,Taylor Group,Mexican,"585 Carla Radial
Lake Joshuaview, CA 58112",4.3
restaurant_131,Thomas-Joseph,Mexican,"449 Daniel River
East Christinastad, WY 28713",5.0
restaurant_132,Gray PLC,Chinese,"02586 Eric Wall
Hernandezmouth, CT 27023",3.8
restaurant_133,Fisher Group,Chinese,"18805 Heather Hills Apt. 740
New James, MP 90337",4.6
restaurant_134,Gregory Inc,Indian,"381 Fisher Prairie
Port Jenniferchester, MP 67416",2.9
restaurant_135,Valdez Ltd,Italian,"1676 Browning Overpass Apt. 797
Jensenhaven, MA 74682",3.0
restaurant_136,"Allen, Franklin and Sanchez",Indian,"61068 Lowery Mountain
West Markbury, MH 23140",3.8
restaurant_137,"Wilson, Jones and Dawson",Chinese,"896 Christopher Ports Suite 574
New Kellie, MT 60178",2.6
restaurant_138,Cooley Ltd,Chinese,"8749 Martinez Centers
Jacobborough, MH 34447",4.3
restaurant_139,Floyd and Sons,Indian,"472 Bryan Mount Apt. 203
Kimberlymouth, UT 63318",4.6
restaurant_140,"Johnson, Johnston and Mclaughlin",Indian,"32007 Patricia Village Suite 147
Williamsbury, GU 68251",4.2
restaurant_141,Pena LLC,Italian,"245 Andrew Brooks
New Melinda, NY 22723",4.9
restaurant_142,"Gray, Munoz and Collins",Indian,"662 Kenneth Ferry Apt. 586
Smithhaven, GA 05446",4.7
restaurant_143,Kim-Myers,Indian,"613 Gomez Brook Apt. 128
West Cindyton, PW 35327",4.1
restaurant_144,"Adams, Smith and Cruz",Italian,"77129 Franklin Lakes Suite 984
Jenkinsshire, OH 47679",3.9
restaurant_145,Graves-Horton,Chinese,"2305 Thomas Forks
West Lauriefurt, GA 84341",2.2
restaurant_146,Camacho Group,Chinese,"56779 Hughes Harbor
Dennismouth, AL 90991",4.8
restaurant_147,Taylor LLC,Chinese,"USNS Adams
FPO AE 10283",4.6
restaurant_148,"Miller, Shea and Daniels",Indian,"0563 James Spur Apt. 326
Patriciaview, NY 97635",4.5
restaurant_149,"Walton, Whitehead and Barnett",Mexican,"83552 Gary Spring
Stephaniehaven, OH 21131",2.9
restaurant_150,"Moore, Vasquez and Ali",Italian,"469 Lewis Parkway
East Vernonville, HI 59087",2.3
restaurant_151,Peterson-Moss,Italian,"774 Larson Wells
New Angela, OH 03112",4.5
restaurant_152,Young Inc,Italian,"9137 Cheryl Vista
North Timothy, CT 61221",2.3
restaurant_153,"Schneider, Cook and Brady",Mexican,"7428 Hall Canyon
New Johnstad, PA 28317",4.0
restaurant_154,"Fletcher, Gonzalez and Cantu",Chinese,"893 Eric Ridges Apt. 960
Ryanfurt, NE 18458",3.4
restaurant_155,"Cain, Cox and Johnson",Indian,"731 Potter Mission Suite 746
South Edward, MS 62188",3.3
restaurant_156,"Boone, Romero and Duffy",Chinese,"205 Monica Plaza Apt. 195
Paulafort, OK 84955",3.2
restaurant_157,Lambert PLC,Mexican,"218 Craig Branch
Monicaton, PA 72917",2.8
restaurant_158,Fisher-Martin,Mexican,"6772 Clark Roads Suite 124
Deleonport, AS 42602",4.6
restaurant_159,Mcbride-Wheeler,Mexican,"92226 Smith Mountains
Beckstad, WI 61384",4.0
restaurant_160,Martinez and Sons,Chinese,"971 Kenneth Stravenue
Williamstad, LA 12614",3.3
restaurant_161,Reynolds LLC,Italian,"18226 Jessica Walks Suite 257
Jennifershire, VI 99519",3.4
restaurant_162,"Davenport, Walsh and Ross",Mexican,"92495 Fry Spring Apt. 510
South Lukestad, FM 74244",3.0
restaurant_163,Bartlett and Sons,Indian,"172 Hamilton Forest Apt. 458
East Stephenbury, CO 60419",2.0
restaurant_164,Davis LLC,Indian,"Unit 4593 Box 9118
DPO AP 89316",3.7
restaurant_165,Johnson-Armstrong,Indian,"346 Miller Locks
Carlamouth, SC 79510",4.3
restaurant_166,Ross and Sons,Mexican,"13870 Kathryn Summit
Port Zacharyfurt, NY 31408",2.0
restaurant_167,Hardy Inc,Mexican,"270 Tammy Ferry
New Terri, AL 03056",3.0
restaurant_168,Johnson-Brown,Mexican,"82043 Tina Trace Apt. 078
Dawnshire, GA 81635",4.2
restaurant_169,"Palmer, Garner and Weber",Italian,"Unit 2225 Box 3592
DPO AP 72770",2.5
restaurant_170,"Walker, Kennedy and Howard",Chinese,"USCGC Reilly
FPO AA 99766",4.7
restaurant_171,Fritz Ltd,Mexican,"427 Katelyn Stravenue
North Dominiquetown, GU 75121",3.7
restaurant_172,Mathis LLC,Mexican,"69577 Andrew Ridge Suite 571
Lake Brittneyfort, MO 77359",2.9
restaurant_173,Cook Group,Mexican,"7214 James Street
North Randy, FM 12154",2.8
restaurant_174,Jimenez-Todd,Chinese,"5135 Jenna Mews Apt. 770
Nicholasview, AS 83298",2.8
restaurant_175,Harris-Moreno,Chinese,"PSC 6025, Box 6615
APO AP 77298",3.9
restaurant_176,Marshall LLC,Mexican,"USCGC Smith
FPO AA 98266",3.5
restaurant_177,"Beard, Key and Chavez",Italian,"6466 Smith Isle
Anthonymouth, OR 39162",4.4
restaurant_178,"Jackson, Stewart and Herrera",Indian,"50346 Lauren Ferry
Barbarafort, KS 19715",4.7
restaurant_179,Calderon-Lee,Chinese,"218 Virginia Rapids Apt. 868
Port Briantown, MD 32399",4.1
restaurant_180,Small Group,Mexican,"4985 Gregory Mission Apt. 113
Williamfort, KY 88433",3.9
restaurant_181,Smith-Ramos,Chinese,"881 Beth Mountains Suite 236
Port Jacqueline, IA 64372",4.2
restaurant_182,Baldwin PLC,Indian,"524 Anna Circle Suite 239
West Shelby, NY 41706",2.7
restaurant_183,Carr Group,Mexican,"1811 Michelle Valleys
Williamborough, IN 73051",4.7
restaurant_184,Bryan-Jensen,Chinese,"Unit 9456 Box 1316
DPO AE 27280",4.2
restaurant_185,May-Hudson,Mexican,"979 Henry Freeway Suite 577
New Kyle, WI 69992",2.5
restaurant_186,"Maxwell, Cain and Gonzalez",Chinese,"52491 Tracey Row Suite 072
Kimberlyburgh, OK 07026",2.3
restaurant_187,"Hodges, Espinoza and Whitaker",Chinese,"5200 Mitchell Point Suite 812
New Scotthaven, UT 36188",3.3
restaurant_188,Howard LLC,Italian,"6523 Clark Meadows Suite 116
Chelseaport, CT 46352",4.9
restaurant_189,"Turner, Moore and Jimenez",Mexican,"456 Ryan Station
Stoutview, WV 57166",4.3
restaurant_190,Bates Inc,Mexican,"035 Hayes Wall Suite 817
West Abigail, HI 63086",4.1
restaurant_191,Wilson-Santos,Mexican,"641 Santos Spurs
Port Tyler, MS 58938",3.0
restaurant_192,Macias LLC,Italian,"5980 Reynolds Crest
South Nicholasport, VI 81051",4.7
restaurant_193,Moore-Jones,Indian,"4626 Whitney Radial Apt. 856
South Danielville, ME 22875",4.0
restaurant_194,Rogers-Beltran,Chinese,"95794 Lisa Mount Apt. 353
Denisetown, KY 70642",4.8
restaurant_195,Hanson-Miller,Indian,"973 Dominique Road
Davidport, MD 70098",3.8
restaurant_196,Newman-Sanchez,Chinese,"Unit 4784 Box 1427
DPO AA 01528",3.4
restaurant_197,Holder Inc,Indian,"901 Sampson Burgs Apt. 316
Port Jorgeberg, WA 47195",2.3
restaurant_198,Wade-Ray,Italian,"111 Romero Trace Apt. 221
Ashleytown, MH 26977",3.9
restaurant_199,Warren-Dixon,Mexican,"0430 Snyder Grove Apt. 397
West Amy, AR 00675",4.3
restaurant_200,"Gonzales, Small and Crawford",Italian,"676 Jenkins Locks Apt. 136
Port Sarahport, ME 27856",4.4
restaurant_201,White-Scott,Indian,"PSC 7898, Box 2488
APO AP 66284",3.2
restaurant_202,"Garcia, Rodriguez and Stevens",Italian,"534 Maynard Stream
West Stephenton, OK 14945",3.3
restaurant_203,Reynolds-Miller,Chinese,"3282 Meza Ranch
Murphychester, UT 66785",3.1
restaurant_204,Clark Inc,Mexican,"039 Jeremy Lodge Apt. 732
Michaelchester, TX 86920",3.5
restaurant_205,Cole Ltd,Italian,"24210 Kevin Garden Apt. 112
Crosbyton, ME 15370",2.7
restaurant_206,"Garcia, Munoz and Shepherd",Mexican,"8995 Kevin Run Apt. 275
Port Gregory, WV 40873",2.3
restaurant_207,"Rodriguez, Wright and White",Italian,"691 Anderson Flats
Lake Nicole, OR 29130",3.8
restaurant_208,Garza Ltd,Italian,"USS Harmon
FPO AP 23647",4.6
restaurant_209,"Valenzuela, Murray and Herman",Indian,"31732 Devon Common Apt. 271
East Christina, HI 77949",4.5
restaurant_210,Webb Ltd,Italian,"70265 Lisa Wall Apt. 303
Lake Andreaview, MD 92551",3.0
restaurant_211,Johnson-Lindsey,Indian,"43744 Lloyd Passage
Lozanomouth, GA 65185",4.5
restaurant_212,Patton-Lynch,Mexican,"8140 Mcguire Corner
Port Jeffreyfort, OK 94756",3.3
restaurant_213,"Ewing, Adkins and Jenkins",Mexican,"9274 Beverly Falls Apt. 738
Andersonport, WA 92774",2.0
restaurant_214,Lambert and Sons,Mexican,"82010 Shannon Turnpike
Loristad, NM 18935",2.3
restaurant_215,"Cherry, Lewis and Goodwin",Mexican,"435 Katie Tunnel Apt. 688
Lake Richard, PW 37059",4.8
restaurant_216,Hernandez PLC,Chinese,"2422 Lori Village Apt. 385
Lake Evanmouth, UT 87464",3.7
restaurant_217,Sanchez-Cox,Indian,"4627 Miller Summit Apt. 265
Yatesstad, MN 75655",3.2
restaurant_218,Moreno-Schmitt,Indian,"7535 Whitaker View Suite 988
South Wendyburgh, VT 04048",4.8
restaurant_219,Bradford-Friedman,Italian,"0466 Meza Stravenue Suite 743
Sierraton, CA 94371",3.1
restaurant_220,"Taylor, Brooks and Martinez",Mexican,"7047 Samantha View
North Susan, MH 92657",3.7
restaurant_221,"Brown, Leach and Stewart",Mexican,"10602 Carrie Islands
South Susan, HI 63262",2.6
restaurant_222,Payne-Montes,Indian,"08972 White Villages Suite 104
Port Megan, MN 43985",3.0
restaurant_223,Casey-Wilson,Chinese,"612 Anderson Fork
Jenniferberg, CT 74352",2.9
restaurant_224,Collier PLC,Italian,"996 Sarah Station Suite 808
Aaronton, NE 95960",3.3
restaurant_225,Walker Inc,Italian,"994 Kathleen Inlet
Michaelton, DC 26755",2.1
restaurant_226,Gray LLC,Indian,"783 Wilson Green
West Nancyburgh, OR 06112",5.0
restaurant_227,Miller-Hatfield,Chinese,"746 Ashley Way Suite 485
Gregoryville, DC 88331",4.9
restaurant_228,Velez and Sons,Italian,"3067 Robert Forks
Craigton, WY 86550",4.0
restaurant_229,Woods Group,Italian,"908 Robin Well Suite 095
Shaunbury, HI 53741",3.7
restaurant_230,"Roy, Torres and Bender",Italian,"531 Cory Manor
New Jacobmouth, MT 66382",4.4
restaurant_231,Hudson-Ford,Indian,"52471 Brandon Drives
East Samuel, MO 63087",4.4
restaurant_232,"French, Li and Price",Chinese,"2490 Jessica Throughway Apt. 953
Lindaport, MI 51008",2.3
restaurant_233,Valencia-Barber,Italian,"764 Emma Centers
Port Matthewchester, WV 38571",2.4
restaurant_234,Davis-Poole,Indian,"078 Jones Groves Apt. 184
Danieltown, KY 81518",4.3
restaurant_235,Sullivan-Anderson,Italian,"537 Todd Flats Suite 255
North Jacobland, NV 85619",4.7
restaurant_236,Brown-Carter,Chinese,"695 Allen Street
Hamiltontown, IA 36661",4.1
restaurant_237,Cantrell Ltd,Mexican,"3297 Jacob Oval
Rodriguezburgh, AL 69418",3.7
restaurant_238,"Park, Wright and Flynn",Mexican,"9190 Fisher Turnpike
Autumnshire, AS 73521",2.0
restaurant_239,"Stein, Anthony and Nguyen",Mexican,"650 Dorsey Glen
Port Kyleside, ID 95789",3.7
restaurant_240,Robertson-Andersen,Chinese,"0218 Davis Keys Suite 109
Joshuaport, RI 16359",3.9
restaurant_241,"Torres, Morales and Strong",Italian,"011 York Mission
Charlesfort, WI 01346",3.9
restaurant_242,"Martinez, Flores and Miles",Indian,"46347 Johnson Camp
East Kevin, NH 59532",4.2
restaurant_243,Callahan-Harris,Indian,"4476 Martha Tunnel
Scottburgh, KS 11710",3.4
restaurant_244,Johnson-Coleman,Chinese,"43893 Pace Knoll Apt. 745
New Tinashire, ME 16642",2.6
restaurant_245,"Bautista, Lopez and Ellis",Indian,"1544 Erica Wells
Kevinton, CT 94557",2.2
restaurant_246,"Chambers, Armstrong and Kelly",Mexican,"56861 Jennifer Lane Apt. 125
Aprilchester, UT 40738",4.2
restaurant_247,"Stanton, Hardy and Banks",Italian,"70232 Kelley Centers Apt. 134
Lake Bettyport, GA 05933",3.8
restaurant_248,"Jackson, Sweeney and Becker",Italian,"9549 Emily Manor Suite 738
Port Lisaland, CO 04782",4.4
restaurant_249,Christensen LLC,Indian,"397 Donna Glen
New Jenniferbury, AZ 55686",2.7
restaurant_250,Rowe-Kim,Italian,"1139 Daniels Mission Suite 158
East Matthewton, MD 07134",4.5
restaurant_251,"Brown, Brock and Kennedy",Indian,"464 Dominguez Hill Suite 562
Lake Danielfort, AR 39061",4.4
restaurant_252,"Schroeder, Finley and Cohen",Italian,"095 Miguel Tunnel
Port Stacyland, FM 92163",2.8
restaurant_253,"Williams, Ball and Duke",Chinese,"PSC 3930, Box 3640
APO AP 43696",2.2
restaurant_254,Brown-Kirk,Italian,"1121 Jill Well Apt. 788
Lake Zacharystad, MN 63927",4.6
restaurant_255,Boyer and Sons,Indian,"698 Angela Fords
Pamelatown, CO 64307",4.2
restaurant_256,"White, Ewing and Johnston",Italian,"45990 Evan Shoal
Lanefort, WI 22605",2.0
restaurant_257,"Martinez, Dean and Oliver",Mexican,"275 Michaela Crossing
Johnfort, VT 55276",2.9
restaurant_258,Riggs-Jones,Indian,"1072 Neal Islands Apt. 588
Williamsonhaven, WA 85475",3.9
restaurant_259,"Martinez, Pena and Goodwin",Mexican,"194 Brooks Locks
West Rebeccamouth, MA 28889",2.9
restaurant_260,Nguyen Group,Chinese,"807 Spears Underpass
Veronicastad, NY 44479",3.3
restaurant_261,Nguyen-Harris,Italian,"465 Paul Manor
Simpsonhaven, ID 83362",4.3
restaurant_262,Gibson-Ellis,Chinese,"0014 Jose Terrace Suite 459
Lake Danielle, IL 11167",4.2
restaurant_263,Miller-Brewer,Indian,"124 Cook Lock
Joshuaville, RI 94917",2.7
restaurant_264,Foster PLC,Italian,"6168 Garrison Roads Apt. 580
East Stevenport, GA 22618",3.5
restaurant_265,"Schultz, Henry and Patterson",Italian,"0273 Allen Glen Apt. 833
Tammyshire, KS 76376",4.1
restaurant_266,"Carney, Jones and Brown",Italian,"9294 Smith Points Suite 757
Davidville, UT 10706",2.5
restaurant_267,Horton Ltd,Italian,"181 Oneill Crossroad Apt. 587
Rodriguezland, SD 28910",4.3
restaurant_268,"Garrett, Smith and Newman",Mexican,"2628 Williams Landing Suite 344
Michelemouth, MT 25880",4.9
restaurant_269,Morgan-Ortega,Chinese,"97661 Walters Pines Apt. 354
North Antonio, IL 06897",2.6
restaurant_270,Scott and Sons,Chinese,"384 Williams Mountains
East Jeffrey, ME 96036",4.5
restaurant_271,Gross-Sullivan,Italian,"88151 Rachel Avenue
Port Meganmouth, RI 24583",4.9
restaurant_272,Aguilar PLC,Mexican,"USNV Wright
FPO AP 53975",4.4
restaurant_273,Brooks-Adams,Italian,"8908 Kidd Lakes
Robertsmouth, GA 75285",3.9
restaurant_274,Whitaker-Thompson,Indian,"45251 George View
Andrewfort, RI 09688",4.8
restaurant_275,"Barajas, Avila and Huang",Indian,"124 Smith Mountains
Whitneymouth, NH 26988",4.0
restaurant_276,Morrison-Johnson,Indian,"84961 Grant Road
Amberborough, GA 77304",4.0
restaurant_277,"Moran, Terry and Wilkins",Italian,"63916 Williams Camp
Cookberg, LA 84274",2.4
restaurant_278,"Goodwin, Zhang and Thomas",Indian,"8174 Jose Way
Jamesmouth, WI 49880",2.9
restaurant_279,"Butler, Carter and Holloway",Italian,"3639 Tara Branch Apt. 271
Lake Dannyport, MP 71986",2.4
restaurant_280,"Mayer, Butler and Miller",Chinese,"68829 William Rest
Lake Carrieton, NE 99695",5.0
restaurant_281,Brady-Weeks,Italian,"5081 James Bridge
Cathyton, IL 45034",2.5
restaurant_282,Hamilton LLC,Chinese,"322 Stanley Extension Apt. 206
West Cindytown, GU 03435",3.4
restaurant_283,"Cain, Park and Sanchez",Mexican,"2852 Brown Orchard
North Brianton, VT 88474",3.4
restaurant_284,Turner-Rasmussen,Indian,"13190 Steven Shoals
Lewismouth, NH 21251",2.6
restaurant_285,"Lopez, Brown and Moses",Chinese,"740 Kent Fall
Lisastad, OH 80905",3.8
restaurant_286,Bullock-Phillips,Chinese,"883 Kimberly Stravenue
Lake Sydneyfort, IL 85935",3.4
restaurant_287,Carpenter LLC,Chinese,"1282 Beth Plaza Apt. 841
North Teresa, DC 81412",3.4
restaurant_288,Brown Inc,Indian,"36523 Chen Isle
Lake Amybury, WY 36446",3.3
restaurant_289,Myers and Sons,Chinese,"139 Lopez Centers Suite 937
East Taylorville, KY 90169",4.0
restaurant_290,"Daniels, Smith and Cooper",Italian,"810 Henry Mill
Port Heatherport, GU 12114",3.7
restaurant_291,Daniels-Lucas,Italian,"454 Matthew Haven Suite 083
Jeffreyside, KS 60910",3.6
restaurant_292,"Gonzalez, Campbell and Gonzalez",Mexican,"308 Maria Walks
Lake David, TN 50855",2.8
restaurant_293,"Larson, Anderson and Edwards",Indian,"550 Devon Forks Apt. 291
Maryberg, AK 98910",3.8
restaurant_294,Johnson Ltd,Indian,"484 Nicholas Streets
Timothychester, NH 68796",4.2
restaurant_295,"Wilson, Fox and Jackson",Indian,"6715 Amanda Junction Apt. 910
Jenkinsfort, MH 16606",4.1
restaurant_296,Smith-Davidson,Chinese,"38897 Lewis Forges
Lake Steven, IN 73701",5.0
restaurant_297,"Thompson, Wright and Miller",Indian,"840 Courtney Underpass
East Richardside, AR 64956",3.1
restaurant_298,"Curry, Jackson and Cox",Chinese,"78579 Monica Mission
Reginamouth, MD 31267",3.3
restaurant_299,Davis-Fuentes,Chinese,"775 Michael Prairie Suite 001
East Brittanymouth, NC 77030",4.4
restaurant_300,Mathis Group,Mexican,"062 Duane Ford Apt. 712
Alexanderville, SD 88594",3.7
restaurant_301,Mcintyre PLC,Indian,"681 Roberts Shores
Jamesport, OH 65663",2.8
restaurant_302,"Deleon, Harrison and Harper",Indian,"1531 David Tunnel
Diazside, PA 02306",4.6
restaurant_303,"Harris, Kennedy and Owens",Mexican,"99102 Holt Station Apt. 133
Donaldchester, MS 80817",3.4
restaurant_304,Gonzales LLC,Chinese,"330 Tyler Hollow Apt. 792
Annberg, MT 64610",3.4
restaurant_305,Henderson-Hurst,Chinese,"Unit 1220 Box 5064
DPO AP 23308",4.8
restaurant_306,"Galvan, Jones and Moreno",Indian,"654 Sara Stream
North Ryan, VA 82084",2.5
restaurant_307,Ross Ltd,Italian,"67612 Tracy Burgs
Carolinebury, VA 91092",4.6
restaurant_308,"Booth, Alexander and Phillips",Mexican,"9930 Suzanne Centers
North Stevenville, GU 04853",2.9
restaurant_309,"Bolton, Smith and Boyer",Mexican,"USNS Kelley
FPO AE 62736",3.3
restaurant_310,Sanders-Kirk,Mexican,"7061 Morgan Hills Apt. 208
Michaeltown, NC 51998",4.0
restaurant_311,"Payne, Mendez and Coffey",Italian,"394 Delgado Plaza Apt. 798
Allenstad, MN 78713",3.5
restaurant_312,Krueger-Navarro,Italian,"712 Amanda Dale Suite 472
Abbotthaven, MA 85878",2.9
restaurant_313,Meyer-Simon,Chinese,"66926 Nicholas Street
Olsonland, AL 77984",5.0
restaurant_314,Roberts-Cook,Indian,"00068 Jenkins Turnpike
East William, WI 52719",2.4
restaurant_315,"Spencer, Gomez and Mendoza",Mexican,"PSC 2319, Box 7343
APO AA 73712",2.1
restaurant_316,Matthews-Alexander,Indian,"7847 Howard Hollow Suite 452
Port Shelly, WY 04984",2.0
restaurant_317,Johnson Inc,Indian,"75701 Samantha Rapid Suite 231
West Gabriel, DE 47142",2.7
restaurant_318,Atkins Ltd,Indian,"26221 Marie Shores Apt. 109
North Brianstad, HI 66502",2.5
restaurant_319,"Rojas, Yates and Kelly",Mexican,"141 Jill Light
Dwayneside, OR 48654",3.7
restaurant_320,Morgan Group,Italian,"PSC 1342, Box 4041
APO AP 31840",3.5
restaurant_321,"Thompson, Rivas and Nguyen",Indian,"Unit 7444 Box 6101
DPO AE 58225",2.1
restaurant_322,"Ellis, Martin and Ball",Chinese,"3108 Denise Oval
Port Jane, AR 54641",2.0
restaurant_323,Farmer-Gordon,Indian,"71092 Taylor Track
East Michael, WY 68597",3.7
restaurant_324,Fox Inc,Italian,"413 Perez Isle Suite 527
South Michelle, AZ 82422",4.9
restaurant_325,Jacobson-Stephens,Italian,"33711 Brad Place
South Brian, VA 65811",2.3
restaurant_326,Morrow Inc,Indian,"0396 Holly Forest Suite 541
North Dianaland, RI 03607",3.9
restaurant_327,Graham LLC,Italian,"626 Robles Landing
Curtisfurt, LA 11648",2.8
restaurant_328,"Cooper, Warren and Proctor",Chinese,"USNV Ferguson
FPO AE 79117",2.7
restaurant_329,Bass PLC,Mexican,"67259 Andrew Ridge
Stephaniestad, NY 81562",4.9
restaurant_330,Miller Ltd,Italian,"41944 Tony Glens Apt. 284
East Sharon, AS 95652",4.4
restaurant_331,Guzman-Ford,Indian,"137 Elizabeth Ville
Alexisport, CA 19964",4.4
restaurant_332,"Wright, Powell and Obrien",Chinese,"45919 Daniel Cape Apt. 972
East Marc, NE 94467",3.1
restaurant_333,Patton-Walters,Italian,"231 Sean Stream Apt. 284
Port Sarahbury, DE 35321",2.4
restaurant_334,"Barnett, Ferguson and Freeman",Indian,"02239 Taylor Ranch
South Amy, IN 09655",3.9
restaurant_335,Erickson-Payne,Mexican,"09402 Sandra Road
Samanthabury, MO 65860",4.2
restaurant_336,"Knight, Smith and Allen",Chinese,"60775 Martin Village
West Douglaston, VI 22590",2.2
restaurant_337,Rodriguez-Thomas,Chinese,"04979 Davis Inlet Suite 042
Christopherberg, NM 47136",3.4
restaurant_338,Park Inc,Chinese,"76028 Rivers Points Suite 304
Lake William, MS 71747",4.9
restaurant_339,Walker-Lawrence,Italian,"Unit 9252 Box 6111
DPO AP 09609",2.9
restaurant_340,Anderson-Peterson,Chinese,"423 Michael Drive Suite 617
Copelandtown, MS 28300",4.4
restaurant_341,"Perez, Mcgee and Mueller",Italian,"669 Lowe Grove
South Elizabethfort, PR 61861",4.4
restaurant_342,English Inc,Indian,"3078 Garcia Ramp Apt. 765
South Carriemouth, CT 07044",4.4
restaurant_343,Mullen-Montes,Mexican,"55350 Ramos Valleys
Carlyton, IA 99166",2.8
restaurant_344,Nelson-Jensen,Indian,"77156 Derrick Circles
North Charles, AL 55829",3.0
restaurant_345,Marks Group,Italian,"90885 Brandon Way
Port Jasonhaven, ID 61132",4.8
restaurant_346,Nelson PLC,Italian,"380 Boyd Glens Suite 592
Jessicafort, OR 35439",4.3
restaurant_347,"Munoz, Price and Wu",Chinese,"22017 Lee Loaf
Hollandmouth, MH 87986",3.8
restaurant_348,"Bernard, Kirk and Norman",Italian,"34400 Katelyn Causeway
Alejandraville, NJ 81881",3.3
restaurant_349,"Mendez, Hernandez and Hanson",Chinese,"847 Tucker Neck Suite 102
East Beverlyburgh, VI 20306",2.7
restaurant_350,"Elliott, Moore and Cochran",Mexican,"555 Emily Mountain
New Christopherfort, AL 08354",4.6
restaurant_351,Knox-Allen,Mexican,"0268 Chad Ferry Suite 903
Port Laura, VT 22933",4.8
restaurant_352,Andrews-Clark,Chinese,"0423 Nelson Cape Suite 766
Port Larry, DC 34299",3.0
restaurant_353,Carter-Sellers,Mexican,"USCGC Henderson
FPO AA 47733",3.1
restaurant_354,Petty-Murphy,Chinese,"6625 Mccoy Islands
Katherinehaven, MT 13571",3.8
restaurant_355,Baker-Hall,Mexican,"722 Short Tunnel Apt. 196
Lisatown, OK 75794",2.7
restaurant_356,"Butler, Olson and Santos",Mexican,"3586 Andrea Plains
Shahstad, TN 51870",4.9
restaurant_357,Roberson-Patterson,Indian,"PSC 4984, Box 0567
APO AP 65787",4.9
restaurant_358,"Daniel, Delgado and Turner",Mexican,"17022 Kristin Road
Carolfort, PR 40382",2.3
restaurant_359,"Castro, Bradshaw and Mullins",Italian,"353 Daniel Falls
Ryanton, WA 34698",2.0
restaurant_360,"Cunningham, Quinn and Moore",Chinese,"72516 Carlos Expressway
Shawtown, RI 90107",2.8
restaurant_361,Franklin-Hill,Indian,"902 Garcia Vista Suite 183
West Malik, DE 27152",2.8
restaurant_362,Hodges PLC,Mexican,"Unit 8893 Box 2369
DPO AA 13809",3.7
restaurant_363,"Davis, Gross and Barron",Chinese,"57653 Kimberly Parkways Suite 071
Port Tamaraside, LA 99941",2.6
restaurant_364,"Fox, Smith and Hall",Chinese,"3493 Rodriguez Points Apt. 477
North Lisa, ID 10182",3.3
restaurant_365,"Meyer, Griffith and Lee",Mexican,"926 Karen Burg Apt. 369
South Robin, ND 11321",2.6
restaurant_366,Olson-Alexander,Italian,"77675 Sandra Lake
Maynardburgh, CT 85255",3.0
restaurant_367,Long PLC,Mexican,"753 Gonzales Manor Apt. 452
Port Julie, FL 29554",2.4
restaurant_368,Wolf LLC,Chinese,"21804 Melissa Oval
Dianaland, PA 98793",3.7
restaurant_369,Gonzalez Group,Indian,"967 Raymond Brook
Danielsport, ME 26576",2.4
restaurant_370,Donovan-Armstrong,Chinese,"128 Joshua Highway
Carterview, UT 15101",4.6
restaurant_371,Mcgee PLC,Chinese,"12333 Greene Circles
Garrettport, AZ 13832",3.0
restaurant_372,Gray-Payne,Mexican,"Unit 8575 Box 1221
DPO AE 72636",2.9
restaurant_373,Cross Group,Italian,"7754 Rachel Island Suite 868
Port Williamshire, WY 19988",4.7
restaurant_374,"Cole, Cortez and Davis",Indian,"536 Griffith Plains Suite 352
New Joshuachester, DE 35062",4.1
restaurant_375,"Jones, Knox and Weaver",Italian,"2892 Christian Rue
North Joshuamouth, IL 75387",4.0
restaurant_376,Thomas-Douglas,Italian,"6570 Kelsey Trail Suite 517
Walkerview, NM 99700",2.4
restaurant_377,"Jefferson, Schmidt and Lee",Italian,"1353 Anthony Course Apt. 407
Cindyton, CA 47199",3.8
restaurant_378,"Orr, Watkins and Smith",Italian,"6740 Ochoa Forges
East Tylerton, MP 88332",2.6
restaurant_379,"Brown, Chapman and Montgomery",Mexican,"621 Jacqueline Path
North Justin, CO 91466",3.1
restaurant_380,Torres-Burton,Chinese,"5485 Jacqueline Place
Shawfurt, NJ 65516",2.5
restaurant_381,Love and Sons,Chinese,"44363 Anna Oval
West Daniel, LA 56671",3.5
restaurant_382,Bailey and Sons,Italian,"3718 Douglas Mill
South Tiffanyhaven, ID 14463",2.1
restaurant_383,"Yates, Adams and Cowan",Chinese,"USNS Morris
FPO AP 04209",2.2
restaurant_384,Kline LLC,Chinese,"69308 Meyer Fords Suite 276
Port Jenniferburgh, MD 09021",2.4
restaurant_385,Campbell Group,Mexican,"57321 Santos Well
West Michaelmouth, CA 38716",3.8
restaurant_386,Gordon and Sons,Mexican,"Unit 4813 Box 1889
DPO AA 89250",3.6
restaurant_387,"Saunders, Miller and Combs",Italian,"39296 Lee Lights
East Virginiaside, PW 50623",2.1
restaurant_388,Thomas-Vasquez,Indian,"267 Duke Cape Suite 812
Kellyfort, IA 35036",4.2
restaurant_389,Moss-Wilson,Mexican,"USNS Hunter
FPO AE 35034",3.8
restaurant_390,"Evans, Gonzalez and Jennings",Mexican,"Unit 8443 Box 6660
DPO AE 08551",4.8
restaurant_391,"Cline, May and Martin",Mexican,"8130 Brett Mill
South Mark, DE 56314",4.3
restaurant_392,Miller-Hayes,Italian,"11222 Martin Village
Port Gabrielhaven, GU 48360",3.2
restaurant_393,"Bryant, Wood and Alvarez",Mexican,"6665 Kyle Pike Apt. 623
Port Jenniferburgh, TX 34773",3.8
restaurant_394,Cobb Ltd,Chinese,"5018 Anderson Course Suite 778
East Kennethburgh, IA 51639",3.2
restaurant_395,Morales-Thomas,Italian,"289 Tamara Viaduct Apt. 097
Lindafurt, TX 60908",2.7
restaurant_396,"Oconnell, Wheeler and Donaldson",Indian,"33061 Cline Inlet
West Levi, CA 55572",3.4
restaurant_397,Burton LLC,Chinese,"093 Gillespie Circle Apt. 867
Port Evelyn, ME 54305",3.1
restaurant_398,Smith-Sullivan,Chinese,"96597 Robinson Inlet
Yvettemouth, CA 48446",4.9
restaurant_399,Hayden and Sons,Chinese,"167 Kimberly Burgs Apt. 019
Ryanberg, LA 79063",2.7
restaurant_400,"White, Bishop and Campbell",Indian,"99022 Mary Stream
Donnaport, VI 49227",3.4
restaurant_401,Hughes PLC,Mexican,"454 Andrew Lodge
New Michellefort, ID 02358",2.6
restaurant_402,"Morris, Howard and Wallace",Chinese,"5775 Rebekah Grove Apt. 865
North John, OR 39930",4.9
restaurant_403,Harrison-Valdez,Italian,"55476 Riley Meadow
Anthonytown, PR 29845",3.2
restaurant_404,"Wheeler, Mcneil and Burns",Indian,"9108 White Mission
East Dylanview, NV 36144",3.3
restaurant_405,Glover Ltd,Mexican,"71573 Barbara Wells Apt. 846
Port Keith, AR 31060",3.7
restaurant_406,"Nguyen, Ware and Howe",Indian,"Unit 5917 Box 4756
DPO AP 17969",3.3
restaurant_407,Harding-Lamb,Mexican,"20721 Katelyn Road
New Michael, LA 58160",2.3
restaurant_408,Cunningham-Mendoza,Chinese,"88952 Katherine Harbor
Danieltown, AS 76790",4.4
restaurant_409,Valenzuela PLC,Chinese,"794 Perez Points
Randychester, IL 83089",2.9
restaurant_410,Walker Group,Italian,"Unit 1588 Box 8609
DPO AP 13425",3.5
restaurant_411,Kelly-Hutchinson,Mexican,"342 Mcdonald Island Suite 915
Andrewland, OR 07642",3.4
restaurant_412,Cooper-Hill,Indian,"104 Hughes Cove
Rosshaven, MA 06306",3.4
restaurant_413,Parker-Frank,Mexican,"7905 Strickland Ports
Port Carlaton, MD 80756",4.8
restaurant_414,Avery-Diaz,Chinese,"12482 Mary Flat
Fischerland, CT 08446",2.8
restaurant_415,Smith Inc,Indian,"493 Bishop Keys
South Kevinfort, GA 13988",4.4
restaurant_416,Knapp-Woods,Italian,"1337 Dunn Plaza Apt. 770
Edwardsbury, MI 41796",2.8
restaurant_417,Lopez-Price,Chinese,"30401 Travis Circles
Brewerborough, VT 56007",2.2
restaurant_418,"Collins, Wells and Shelton",Indian,"0622 John Knolls
Ambertown, VT 61880",3.0
restaurant_419,"Mendez, Collins and Phillips",Italian,"32981 Stacey Turnpike
Lake Javierstad, ME 86946",4.4
restaurant_420,"Wood, Rowland and Bell",Italian,"5050 Gabriel Light Apt. 657
Port Karina, AK 58290",2.6
restaurant_421,"Powell, Freeman and Garcia",Chinese,"825 Michael Lodge
Port Kristen, MA 69201",4.0
restaurant_422,Sanchez-Torres,Chinese,"56338 James Mountains
Dunnfort, MD 99365",2.8
restaurant_423,Gonzalez LLC,Mexican,"24158 Randall Islands
Bettymouth, DC 25333",3.4
restaurant_424,"Fernandez, Barton and Fritz",Mexican,"34321 Scott Views Apt. 273
East Theresamouth, TX 76296",4.6
restaurant_425,Underwood-Cox,Chinese,"0454 Thompson Trace Suite 668
East Sierraburgh, KS 04168",3.7
restaurant_426,"Wade, Dean and Evans",Chinese,"24985 Yates Villages
Susanview, WA 49595",4.7
restaurant_427,Martin-Chang,Indian,"1199 Daniel Prairie Apt. 253
Simmonsborough, CA 16899",4.4
restaurant_428,Sullivan-Gonzales,Mexican,"073 Rose Lane Suite 829
South Jerryside, HI 49456",2.3
restaurant_429,Sharp-West,Mexican,"5288 Hamilton Mountains Suite 074
Collinsland, AK 77786",2.4
restaurant_430,Young Inc,Mexican,"488 Howard Mission Suite 715
Marquezview, AS 18756",3.2
restaurant_431,"Sullivan, Robinson and Coleman",Indian,"7324 Mandy Square Apt. 869
Katherinestad, VT 47936",2.5
restaurant_432,Webb-Raymond,Italian,"USCGC Smith
FPO AA 84355",3.6
restaurant_433,"Terrell, Salas and Aguirre",Indian,"506 Young Village
South Sarahborough, LA 45214",3.3
restaurant_434,Cole-Mitchell,Mexican,"614 Norris Keys Suite 880
Christopherland, CT 36444",3.3
restaurant_435,"Robinson, Bowen and Sanchez",Indian,"Unit 6298 Box 2436
DPO AE 28773",4.8
restaurant_436,Vargas-Smith,Mexican,"597 Vincent Parkways
Port Cassandramouth, WV 90622",2.0
restaurant_437,"George, Thomas and Morales",Italian,"94920 Julie Cliffs
West Jamie, AS 14480",2.4
restaurant_438,Harrison-Jackson,Italian,"203 Johnson Ridges
Emmabury, MI 51731",2.2
restaurant_439,"Jackson, Jenkins and Pollard",Italian,"758 Berry Flat
North Stephenfort, OR 57987",3.1
restaurant_440,Johnson-Smith,Chinese,"Unit 9706 Box 3413
DPO AP 08790",3.1
restaurant_441,Harris Group,Chinese,"81966 Perez Corners
South Daniel, NJ 55041",4.9
restaurant_442,"Butler, Brewer and Harris",Indian,"534 Joseph Street Suite 259
Rhondafort, PR 05553",3.8
restaurant_443,Lee and Sons,Chinese,"PSC 3051, Box 1819
APO AE 56774",3.3
restaurant_444,Mendoza Inc,Italian,"393 James Overpass
Solomonville, SD 62092",2.5
restaurant_445,Nelson-Gardner,Mexican,"726 Victoria Union
Christopherfurt, CO 96874",4.0
restaurant_446,Diaz Group,Italian,"PSC 1593, Box 9279
APO AA 51099",3.0
restaurant_447,"Mckay, Hernandez and Burke",Mexican,"Unit 9089 Box 2965
DPO AA 78575",4.8
restaurant_448,"Santiago, Baker and Richard",Mexican,"257 Roger Inlet Suite 326
Fergusonmouth, UT 70817",2.4
restaurant_449,Williams-Moore,Mexican,"41992 Jones Way
East Roberthaven, PA 28091",2.5
restaurant_450,"Santana, Morgan and Reed",Mexican,"60380 Bishop Freeway
Scottchester, RI 83711",3.5
restaurant_451,Brown-Cardenas,Indian,"8185 Jill Plains Suite 565
Ashleyfort, MO 15848",4.6
restaurant_452,"Castillo, Collins and Ellis",Mexican,"68954 Benjamin Cape
Port Phillipburgh, TN 46267",3.4
restaurant_453,"Campbell, Hart and Johnson",Mexican,"24914 Sherri Rue
Port Joanna, MD 91150",2.3
restaurant_454,"Haynes, Smith and Mack",Mexican,"79078 Price Pass
Patelville, CO 41798",4.8
restaurant_455,Christian and Sons,Indian,"94981 Vicki Vista Apt. 266
Port Jamestown, NV 97388",3.6
restaurant_456,Holden-Norton,Indian,"21575 Timothy Path
Laramouth, CA 32106",3.8
restaurant_457,Valencia Ltd,Mexican,"PSC 5705, Box 5825
APO AA 09432",3.6
restaurant_458,Wilkerson-Villanueva,Italian,"66337 Katherine Pike Suite 198
Veronicaside, VT 53251",3.1
restaurant_459,"Simpson, Bradley and Hensley",Italian,"92262 Blake Lane
Sarahtown, IL 92696",2.9
restaurant_460,Bates-Nichols,Indian,"709 Duffy Cliff
Hortonstad, VT 23178",4.2
restaurant_461,Molina-White,Mexican,"239 Bennett Corner Apt. 951
West Bryan, TX 04975",2.5
restaurant_462,George LLC,Italian,"2703 Morales Haven Suite 693
Amberland, MN 61754",4.9
restaurant_463,"Mcclure, Romero and Parker",Mexican,"62586 Katie Wells
Owenport, MT 96460",3.7
restaurant_464,Reed and Sons,Italian,"09308 Cooper Well Suite 677
Donaldstad, SC 82383",5.0
restaurant_465,"Clark, Sanford and Burch",Indian,"087 Miller Prairie Apt. 538
South Dustinport, NH 12122",4.5
restaurant_466,Gonzalez Group,Chinese,"904 Barrett Lodge Suite 372
Shelbymouth, HI 53404",3.2
restaurant_467,Myers-Phillips,Indian,"53498 Chapman Glen
Kathrynchester, MT 59886",2.1
restaurant_468,Moon Inc,Chinese,"33289 Lane Vista Suite 150
New Timothy, NE 53756",3.8
restaurant_469,Ross LLC,Indian,"448 Herman View Apt. 479
Garybury, FL 19817",2.5
restaurant_470,Sutton-Adams,Indian,"4092 Robert Meadow
Devinmouth, KS 74630",2.4
restaurant_471,Johnson-Tran,Chinese,"71395 Kristen Junctions
East Shelia, NJ 81520",4.9
restaurant_472,Williams-Hayes,Indian,"130 Harrell Road
Munozland, KS 71934",2.4
restaurant_473,Weaver-Alvarez,Mexican,"3216 Katie Mill
South Dana, MS 24244",3.9
restaurant_474,Hahn-Ellis,Mexican,"4994 Pierce Hills Apt. 653
Port David, WV 43823",2.9
restaurant_475,"Camacho, Kelly and Zimmerman",Indian,"68492 Jones Gateway Suite 354
Leroyberg, MT 67476",4.5
restaurant_476,Duke PLC,Mexican,"047 Nicole Causeway Apt. 912
Christinehaven, GA 29055",4.5
restaurant_477,Pacheco-Thompson,Italian,"8671 Gonzalez Walk
Ronaldburgh, WV 41555",4.7
restaurant_478,"Chavez, Taylor and Wolfe",Chinese,"5272 Franklin Camp
Markland, NY 46843",4.2
restaurant_479,"Miller, Bush and Thompson",Mexican,"61948 Flowers Locks
West Christopher, MT 28134",2.8
restaurant_480,Lewis-Sandoval,Chinese,"47317 Jacqueline Highway
West Zacharyland, CO 93754",3.3
restaurant_481,"Mills, Diaz and Fritz",Chinese,"021 Courtney Mall
Loriport, MP 12635",2.1
restaurant_482,Mendoza Ltd,Indian,"436 Dawn Springs Suite 333
Craigtown, GU 08192",2.9
restaurant_483,"Smith, Mcneil and Johnson",Italian,"004 Danielle Run Suite 811
South Danielmouth, OR 76179",3.0
restaurant_484,"Erickson, Chavez and Lopez",Italian,"167 Jones Locks Apt. 727
Evansville, AL 37862",2.3
restaurant_485,Leon-Rodriguez,Chinese,"6510 Kaylee Trafficway
East Jessicaborough, GA 61664",2.0
restaurant_486,"Gonzalez, White and Wilcox",Mexican,"94976 Terry Forest Suite 132
Randyport, WA 25045",2.2
restaurant_487,"Patel, Ward and Goodwin",Mexican,"578 Reed Spur
Port Karen, NE 29826",2.6
restaurant_488,Parker Inc,Mexican,"644 Julia Ridge
Robinsonmouth, NH 14102",2.4
restaurant_489,Brown-Buchanan,Italian,"4287 Michelle Manor Apt. 416
West Mark, DC 64184",2.6
restaurant_490,"Baker, Oconnor and Glover",Mexican,"727 Timothy Estates Suite 816
West Melissaton, AL 96540",5.0
restaurant_491,"Perez, Myers and Brown",Italian,"Unit 4832 Box 0706
DPO AP 17064",2.6
restaurant_492,"Ponce, Jensen and Andrews",Chinese,"6951 Matthew Avenue
Marisamouth, MD 50752",3.4
restaurant_493,Leblanc-Johnson,Mexican,"990 Harrington Isle Suite 152
South Christopherborough, DE 65528",2.2
restaurant_494,"Anderson, Cook and Mays",Mexican,"1221 Cody Falls
West Brian, NM 45625",3.7
restaurant_495,Phillips LLC,Mexican,"1881 Gabriela Drive
Gonzalezfurt, NH 68246",3.6
restaurant_496,Moore LLC,Chinese,"Unit 1563 Box 5124
DPO AA 65561",4.4
restaurant_497,"Hamilton, Lopez and Myers",Chinese,"10827 Beth Dam Apt. 423
Port Sara, WV 52642",2.6
restaurant_498,"Johnson, Hill and Reyes",Italian,"3806 Nancy Rue Apt. 822
Bakerton, NV 25429",3.0
restaurant_499,"Ferrell, Harrison and Cook",Indian,"7305 Abigail Cliff
Hoberg, PA 91005",3.5
restaurant_500,Perez LLC,Mexican,"866 Hill Parkways
Davisbury, WI 67229",2.9
restaurant_501,"Bailey, Burgess and Richardson",Chinese,"596 Nathan Knolls Suite 378
Branchside, AK 58456",3.5
restaurant_502,"Johnson, Williams and Evans",Italian,"1570 Victor Key
Emilytown, PR 20653",2.2
restaurant_503,Dominguez-Hardin,Mexican,"178 Kim Track
Port Jordanbury, MA 06403",4.7
restaurant_504,Edwards PLC,Italian,"17120 Peterson Avenue
Sarahside, ME 52447",3.7
restaurant_505,"Ellis, Gregory and Hall",Mexican,"500 Amy Vista
Amandachester, MD 71815",4.3
restaurant_506,"Brown, Hubbard and Burke",Italian,"PSC 6565, Box 8754
APO AP 87592",4.7
restaurant_507,Parks Ltd,Indian,"8970 Monique Lane
Ashleyville, NH 62540",2.4
restaurant_508,Silva-Brown,Mexican,"6587 Bullock Forges Apt. 817
South Davidton, DE 72392",2.5
restaurant_509,White-Smith,Chinese,"Unit 4193 Box 0889
DPO AA 51050",2.5
restaurant_510,"Villegas, Miles and Skinner",Indian,"35040 Chen Light
Andrewside, OR 39473",2.7
restaurant_511,Robertson-Owen,Chinese,"001 Francisco Locks
Griffinfort, AR 56283",2.8
restaurant_512,Silva Inc,Chinese,"982 Elizabeth Freeway
Vasquezchester, DE 22290",2.3
restaurant_513,Wheeler-Jones,Mexican,"8232 Robert Mountain
Port Tanyastad, AZ 88305",2.2
restaurant_514,Jackson-Blair,Italian,"234 Joseph Fort Suite 979
New Amanda, ID 66742",4.2
restaurant_515,"Jones, Sanders and Rose",Indian,"9578 Alicia Via
Port Emily, HI 62380",4.8
restaurant_516,"Perez, Sims and Simmons",Mexican,"PSC 4107, Box 4172
APO AA 99352",3.3
restaurant_517,Johnson-Reyes,Indian,"092 Meghan Mission Suite 366
Aaronville, LA 45850",4.6
restaurant_518,"Salas, Ruiz and Wells",Italian,"Unit 8316 Box 2660
DPO AA 90952",3.7
restaurant_519,Jackson-Gilbert,Mexican,"0572 Michael Street
East Chrisfurt, NJ 86840",4.8
restaurant_520,Reeves and Sons,Italian,"311 Wagner Crescent
New Joseph, UT 06861",2.9
restaurant_521,"Mercado, Meyer and Wallace",Mexican,"12536 Harris Land Suite 418
North Suzanne, GU 13198",4.7
restaurant_522,"Walker, Benson and Ruiz",Indian,"3600 Joseph Plains Suite 388
West Jennyhaven, MP 61054",4.0
restaurant_523,"Hutchinson, Garcia and Bates",Mexican,"3192 Andre Fall Suite 676
Fishermouth, FL 30273",3.7
restaurant_524,"Taylor, Saunders and Floyd",Italian,"424 Hughes Ports
Dennismouth, CA 85505",2.2
restaurant_525,Carr-Khan,Italian,"1901 Michael Centers
Lake Toddbury, NE 66460",3.4
restaurant_526,Kirby-Thompson,Indian,"20353 Holland Pass Suite 484
West Dean, VI 51419",4.4
restaurant_527,"Griffin, Davies and Rasmussen",Mexican,"95920 Carrie Square
Smithton, CA 81046",2.1
restaurant_528,Williams Ltd,Indian,"19082 Steven Square Suite 024
Santosmouth, AS 85885",4.1
restaurant_529,"Brewer, Mckenzie and Romero",Italian,"67761 Beth Creek Suite 236
North James, HI 06726",4.4
restaurant_530,Roberts-Rice,Chinese,"Unit 8427 Box 9616
DPO AA 11552",2.7
restaurant_531,Lopez-Orr,Chinese,"Unit 2624 Box 9618
DPO AA 84569",2.1
restaurant_532,Dougherty-Kelly,Italian,"USCGC King
FPO AA 43965",2.1
restaurant_533,Baker PLC,Indian,"03178 Whitney Highway Suite 855
Williamfort, SC 18052",2.5
restaurant_534,Salas and Sons,Mexican,"81094 Young View
East Michaelview, CO 88203",3.9
restaurant_535,Frazier Ltd,Italian,"7793 Amy Spur Apt. 587
Port Heatherhaven, AR 95093",2.4
restaurant_536,Rodriguez Ltd,Chinese,"33764 Patton Park
Mckenzieview, NY 57981",2.2
restaurant_537,Thomas Inc,Chinese,"88983 Scott Harbor
Allisonshire, CA 62258",4.2
restaurant_538,Daniel and Sons,Mexican,"405 Heather Gardens
Brianview, CT 41251",2.1
restaurant_539,Stone PLC,Indian,"492 Payne Plains
Port Alex, FM 35640",4.1
restaurant_540,Chavez-Bonilla,Mexican,"82097 Robert Inlet Suite 074
Brownberg, NV 34514",2.5
restaurant_541,Rodriguez Inc,Mexican,"7277 Taylor Prairie
Williamsport, NJ 92621",3.1
restaurant_542,"Chandler, Welch and Mccormick",Indian,"49721 Roberson Curve Suite 450
East Alec, DC 73723",2.1
restaurant_543,"King, Smith and Henry",Italian,"USNS Thomas
FPO AP 36617",4.2
restaurant_544,"Summers, Cooper and Lopez",Indian,"2354 Briana Rest
Dawsonland, IN 49372",3.2
restaurant_545,"Crosby, Ward and Walsh",Chinese,"PSC 2956, Box 1033
APO AA 52276",3.0
restaurant_546,Hanson-Stevenson,Mexican,"5241 Jessica Ford Suite 317
West Joseph, KS 11722",3.6
restaurant_547,Wells Ltd,Mexican,"124 Deleon Islands Suite 846
Jaredville, IN 37698",4.6
restaurant_548,Berry-Roth,Italian,"Unit 9698 Box 6738
DPO AA 85619",2.3
restaurant_549,Rhodes PLC,Chinese,"97208 Fisher Port Apt. 052
West Matthew, MD 48358",2.4
restaurant_550,Anderson Inc,Indian,"530 Phillips Village Apt. 609
New Mary, AR 06585",4.7
restaurant_551,Martin Group,Chinese,"189 Sherry Hills Apt. 904
Kimton, CT 28623",3.6
restaurant_552,Thomas-Martin,Indian,"547 Chris Trafficway Suite 234
Elaineside, MP 59080",3.8
restaurant_553,"Bush, Castro and Bennett",Indian,"7721 Mcneil Rapid Apt. 438
Sanderschester, NM 59943",4.0
restaurant_554,King-Jackson,Italian,"140 John Radial
Port Johnside, NY 96603",3.9
restaurant_555,Newman-Carter,Indian,"5847 Vincent Mill Suite 458
Lake Andrewshire, IL 94945",4.7
restaurant_556,Patel-Hunt,Mexican,"95627 Cameron Heights
East Robertland, IA 86116",3.6
restaurant_557,"Mcdonald, Castillo and Garner",Italian,"9614 Garrett Hollow
North Frankfort, ND 34884",2.5
restaurant_558,Berry Ltd,Indian,"19939 Thompson Plaza Suite 306
Shawnaton, MI 60297",3.8
restaurant_559,Alvarado-Adams,Chinese,"666 Johnson Ports Apt. 829
North Ethanbury, WV 70948",4.6
restaurant_560,Pugh Group,Italian,"50430 Dawn Divide Apt. 087
Tiffanyfurt, AK 67173",4.2
restaurant_561,Baldwin-Wilson,Mexican,"8186 Gutierrez Mission
East Derekshire, NJ 62022",2.4
restaurant_562,Fisher Ltd,Indian,"321 Michele Mall
Port Pamelashire, PA 89185",3.0
restaurant_563,Thomas-Pearson,Mexican,"47977 Justin Trail
Harveyton, NV 01134",4.3
restaurant_564,Berry-Young,Indian,"993 Vega Rest
Duncanmouth, MA 93232",3.0
restaurant_565,"Hall, Lewis and Harris",Mexican,"35420 Briana Extension
South Jeffreytown, SD 44860",2.9
restaurant_566,Brown-Ryan,Chinese,"PSC 6919, Box 8207
APO AP 01734",4.9
restaurant_567,Webb-White,Indian,"22379 Eric Ridge
Frankfort, PW 84810",3.3
restaurant_568,Pacheco PLC,Chinese,"223 Edwards Orchard
East Rachel, CA 61330",2.0
restaurant_569,Shelton-Cox,Mexican,"7873 Gomez Lane Suite 437
New Lindsayville, WY 16490",3.6
restaurant_570,Wolf-Allen,Italian,"2942 Wong Greens
Toddhaven, OR 86645",3.7
restaurant_571,Stewart-Jones,Chinese,"9554 Davis Hill Suite 798
Walshhaven, SD 83307",2.2
restaurant_572,Willis Group,Chinese,"72047 Smith Greens
North Tonyaville, GU 74063",2.8
restaurant_573,Collins Group,Indian,"49266 Brandon Springs Apt. 473
North Nicholasshire, NE 32806",2.1
restaurant_574,Lopez-Rangel,Italian,"202 Harvey Islands Suite 390
Ashleyburgh, WY 50025",3.8
restaurant_575,Weiss-Wheeler,Chinese,"USNS Turner
FPO AE 43062",4.4
restaurant_576,Bowman-Martin,Italian,"3141 Welch Spring Suite 832
Mirandaport, DE 04719",2.8
restaurant_577,Williams LLC,Mexican,"23134 Lisa Ford
North Benjaminstad, VA 76568",3.1
restaurant_578,Schmidt-Bass,Chinese,"9421 Davidson Unions Apt. 470
East Meganfort, MA 94558",3.9
restaurant_579,"Wiley, Curtis and Smith",Chinese,"47795 Jennifer Causeway Suite 432
South Evan, PR 74522",3.2
restaurant_580,Williams and Sons,Indian,"14691 Edward Locks Apt. 125
West Michael, TX 03316",2.5
restaurant_581,"Sanchez, Thomas and Martinez",Chinese,"776 Timothy Avenue
Tiffanyland, NM 89590",2.7
restaurant_582,Crawford-Acevedo,Italian,"1561 Anita Meadow Apt. 354
Emilystad, AZ 24254",3.8
restaurant_583,Austin and Sons,Chinese,"662 Adams Summit Apt. 082
East Adam, KS 88839",2.8
restaurant_584,"Bowman, Leonard and Young",Mexican,"329 Spears Mills
Rickport, KS 62754",4.3
restaurant_585,Norris-Martin,Chinese,"10339 David Springs Apt. 269
South Alison, TX 10677",3.0
restaurant_586,"Bruce, Gonzalez and Hernandez",Indian,"7482 Olsen Islands
Salinastown, SD 49214",4.0
restaurant_587,Gutierrez LLC,Italian,"1343 Sharon Mews
Ashleychester, GA 41280",3.3
restaurant_588,Carroll Ltd,Italian,"62520 Luis Radial Apt. 837
Port Alexanderstad, ND 67520",2.6
restaurant_589,Ramirez-Jones,Italian,"PSC 0014, Box 7170
APO AP 55348",4.6
restaurant_590,Murphy and Sons,Indian,"54077 Moreno Springs Suite 925
Lake Garrettburgh, SD 61043",3.4
restaurant_591,Stanley LLC,Chinese,"17342 Christie Summit
South Traciberg, DC 98689",3.2
restaurant_592,Williamson-Gibbs,Mexican,"563 Jesus Crossing Suite 464
Codyside, RI 31989",4.6
restaurant_593,Roberts Group,Indian,"31391 Molina Tunnel
Lake Brendaberg, RI 58390",3.0
restaurant_594,"Hendrix, Robertson and Williams",Indian,"37874 Graham Path
Matthewmouth, AZ 79127",4.6
restaurant_595,Howard-Johnson,Mexican,"418 Phillip Inlet
New Haleyside, WI 04691",2.5
restaurant_596,"Vasquez, Daniel and Martinez",Italian,"083 Amanda Divide Suite 346
Wilsonhaven, PA 54627",3.9
restaurant_597,Brown-White,Mexican,"13691 Greene Wells
West Laurie, MI 40720",3.4
restaurant_598,Green LLC,Italian,"Unit 9298 Box 3089
DPO AE 45095",2.3
restaurant_599,"Oconnor, Foster and Hoffman",Italian,"170 Young Drive Apt. 132
North Pamelastad, NJ 98728",3.5
restaurant_600,"Powell, Mendez and Burke",Italian,"76445 Robert Mountain
West Suzanneburgh, PW 99093",3.8
restaurant_601,Torres-Krueger,Mexican,"77295 Flores Heights Suite 133
Carpenterberg, TX 47116",3.0
restaurant_602,Harris-Patel,Italian,"6701 Henry Village
Sarahport, IL 32582",3.2
restaurant_603,Sanchez LLC,Mexican,"01656 Franklin Cliff Suite 520
Wilsonfurt, KS 72005",3.8
restaurant_604,Austin-Butler,Mexican,"Unit 9363 Box 8598
DPO AE 11681",2.3
restaurant_605,"James, Campbell and Miller",Mexican,"8502 Michael Glen
Cooperberg, WI 75370",4.6
restaurant_606,Smith-Brown,Chinese,"94943 Young Shoal
Mirandamouth, UT 34597",4.4
restaurant_607,Woods LLC,Indian,"5519 Johnson Vista
North Amberside, MO 52815",2.8
restaurant_608,Bradley LLC,Indian,"26632 Strickland Lodge Suite 646
New Kellybury, MS 71397",5.0
restaurant_609,Dodson and Sons,Indian,"17034 Wilkinson Oval
South Ruthchester, WI 58497",3.7
restaurant_610,Gallagher-Lawrence,Indian,"6398 Young Vista
New Scottburgh, AK 42756",2.1
restaurant_611,"Alvarez, Hunt and Morton",Italian,"36170 Orr Route
New Sarahside, ID 66849",4.5
restaurant_612,"Robinson, Frederick and Manning",Chinese,"7607 Page Walks
Lake Sarah, PA 54515",3.3
restaurant_613,Gonzalez Ltd,Chinese,"42602 Robin Corner Apt. 534
Lake Lynn, MA 60265",2.3
restaurant_614,Lee-Rubio,Indian,"530 Jacob Expressway
Patrickmouth, NC 47630",4.7
restaurant_615,"Gonzalez, Ryan and Farmer",Italian,"6481 Valerie Vista Suite 682
West Christopher, NE 03642",4.9
restaurant_616,Hamilton-Ross,Italian,"6895 Myers Forks Apt. 359
Leslieton, AS 66448",2.9
restaurant_617,"Schultz, Spencer and Collier",Mexican,"38502 Vanessa Radial Apt. 425
Hendersonland, GA 96692",3.4
restaurant_618,Mckinney-Walker,Chinese,"Unit 1694 Box 4401
DPO AP 99150",4.8
restaurant_619,Everett Ltd,Chinese,"0320 Jo Roads Suite 865
Howardbury, ME 80140",4.9
restaurant_620,Fernandez Inc,Indian,"8275 Kimberly Gardens
North Williambury, NC 23632",4.6
restaurant_621,Williams Ltd,Italian,"Unit 6816 Box 5348
DPO AP 51508",3.1
restaurant_622,Roth Inc,Chinese,"362 Michael Via
Carlaville, NJ 99839",2.4
restaurant_623,Ford-Green,Mexican,"9084 Melissa Rue
New Billy, MI 62435",3.2
restaurant_624,"Wolfe, Berger and Gomez",Chinese,"57899 Tina Branch Apt. 394
Lake Michael, GU 34921",4.7
restaurant_625,"Gibson, Proctor and Hernandez",Italian,"Unit 9090 Box 9459
DPO AP 83457",4.7
restaurant_626,"Chapman, Brown and Robles",Italian,"05534 Zachary Heights
Port Cheryl, UT 19464",3.9
restaurant_627,"Davis, Andrews and Steele",Mexican,"3403 Peggy Road
Lake Kaitlintown, WV 39702",2.8
restaurant_628,"Everett, Bell and Lee",Indian,"1365 Monica Port Suite 439
Benjaminmouth, MN 68826",4.9
restaurant_629,"Nichols, Brown and Campos",Italian,"PSC 1600, Box 7546
APO AA 36666",4.2
restaurant_630,Morris-Grimes,Mexican,"30991 Frye Forest Apt. 041
East Peter, VT 65986",3.2
restaurant_631,Alvarez-Gregory,Mexican,"USNV Scott
FPO AA 49486",3.0
restaurant_632,George and Sons,Italian,"1214 Harrington Locks
Port Jennifer, CO 90410",3.7
restaurant_633,"Lawrence, Ramirez and Thomas",Indian,"04974 Arellano Avenue Apt. 581
Erinstad, IN 84339",4.8
restaurant_634,"Green, Cannon and Haynes",Mexican,"6715 Pham Terrace Suite 989
Port Stephen, SC 40611",2.5
restaurant_635,Cohen PLC,Italian,"3238 Chavez Oval
Justinmouth, PA 76061",4.2
restaurant_636,Frank Ltd,Italian,"0908 Curtis Plain Suite 729
Johnsonmouth, PW 04923",2.2
restaurant_637,Gibson Ltd,Italian,"31751 Hughes Underpass
Lake Carrie, UT 63571",4.2
restaurant_638,"Watts, Shields and Stanley",Indian,"4255 Kelly Haven
Heatherhaven, VI 88432",2.2
restaurant_639,Wang and Sons,Indian,"675 Kristina Ford Suite 565
North James, ND 39324",3.6
restaurant_640,Macdonald and Sons,Indian,"PSC 7253, Box 1355
APO AA 60508",4.7
restaurant_641,"Harris, Jackson and Diaz",Indian,"79127 Joseph Walk Apt. 062
Christinefurt, ME 30850",2.4
restaurant_642,Lopez-Brown,Italian,"USNS Williams
FPO AA 35071",4.6
restaurant_643,Green-Carrillo,Chinese,"235 Dustin Square
West Jerry, SD 26007",4.0
restaurant_644,Jones-Mcmillan,Indian,"7359 Marshall Causeway Apt. 608
Port Johnburgh, MP 39839",4.3
restaurant_645,Parks Group,Mexican,"Unit 1371 Box 1936
DPO AP 36770",3.6
restaurant_646,Cruz-Cruz,Chinese,"259 Nicholas Mission
North Ralphmouth, OR 10414",3.9
restaurant_647,Smith-Brown,Indian,"9712 Wong Park Apt. 774
North Christopherview, NJ 92322",2.5
restaurant_648,Mcdaniel-Vazquez,Indian,"4020 Todd Island Apt. 319
Shermanside, NY 50298",4.6
restaurant_649,Miller-Walker,Italian,"692 Richardson Light
Port Andrew, MP 68135",4.8
restaurant_650,Patel-Jones,Chinese,"50890 Kelly Dale Apt. 576
Simonburgh, AZ 22334",3.5
restaurant_651,Richards-Gonzalez,Chinese,"59673 Bean Villages
Hermanfort, GA 82217",3.7
restaurant_652,"Kemp, Jensen and Torres",Italian,"84629 Zamora Mountain
Lake Diana, KS 71932",4.2
restaurant_653,Hudson-Hart,Mexican,"574 Collier Fork Apt. 605
Port Elizabeth, ME 56744",2.8
restaurant_654,Johnson-Powell,Italian,"6664 Steven Throughway
North Abigailstad, AS 47570",4.5
restaurant_655,Castillo-Clay,Italian,"91093 Donald Terrace
Davidberg, MN 80556",2.6
restaurant_656,Kennedy-Smith,Italian,"03661 Sanders Walks
East Elizabeth, CA 70883",2.1
restaurant_657,"Ortega, Jones and Morris",Chinese,"PSC 1114, Box 3827
APO AE 63213",4.4
restaurant_658,Ballard Ltd,Italian,"82187 Gabriel Walks
North Dennisborough, ME 84371",4.8
restaurant_659,Jackson PLC,Mexican,"23280 Erik Coves
East Alyssa, VI 30946",2.2
restaurant_660,Carter Inc,Mexican,"3151 Howell Street Suite 137
Williamsmouth, CT 78210",4.8
restaurant_661,Turner Inc,Chinese,"750 Powers Lakes
North Victoria, AL 40185",2.5
restaurant_662,Mercer-Bailey,Italian,"49785 Ward Brooks
Sanchezfort, MA 40337",4.7
restaurant_663,Grimes and Sons,Chinese,"0641 Jasmin Bypass Apt. 430
New Craigshire, FL 41064",3.3
restaurant_664,"Martin, Garcia and Smith",Indian,"0574 Garner Shores Suite 223
Estradamouth, WV 84264",4.1
restaurant_665,Jones LLC,Italian,"88348 Eric Lodge
Charlesland, OR 38983",2.7
restaurant_666,"Sandoval, Ballard and Cooper",Mexican,"Unit 7131 Box 7539
DPO AA 48322",3.2
restaurant_667,Lee-Bender,Chinese,"266 Rogers Highway
New Patrickborough, MN 17922",3.8
restaurant_668,"Garza, Gibbs and Montoya",Chinese,"Unit 3350 Box 2986
DPO AP 90141",4.6
restaurant_669,Lee and Sons,Mexican,"0199 Adams Valleys
Mikaylaburgh, SD 88167",3.6
restaurant_670,Edwards Ltd,Mexican,"9370 Connie Pike
West Benjamin, ND 07586",3.5
restaurant_671,"Fowler, Mckinney and Burton",Mexican,"USCGC Dixon
FPO AE 96607",4.0
restaurant_672,"Woodard, Klein and Anderson",Italian,"6714 Christopher Greens
New Karenshire, FL 88611",4.3
restaurant_673,Cunningham-Garcia,Italian,"37532 Joshua Inlet
East Lisa, ME 22800",3.2
restaurant_674,"Martinez, Stevens and Everett",Chinese,"014 Fisher Village Suite 083
West Jessetown, NC 12541",4.9
restaurant_675,Dorsey-Moon,Mexican,"95446 Garcia Cove
East Kyle, WA 14881",2.2
restaurant_676,York LLC,Mexican,"10239 Reynolds Expressway
East Michaelland, NC 35281",4.2
restaurant_677,"Thompson, Powers and Shelton",Italian,"USNV Carter
FPO AP 14235",2.3
restaurant_678,"Ford, Jones and Walsh",Chinese,"901 Vanessa Road
Roseton, NM 48499",2.7
restaurant_679,Cabrera PLC,Mexican,"4441 Adams Valleys
Jamesside, FL 24441",3.7
restaurant_680,White-Wilkinson,Chinese,"PSC 5971, Box 5220
APO AA 23880",2.4
restaurant_681,Jackson-Dalton,Mexican,"7713 Suzanne Forge
Taylorfort, PA 46804",3.6
restaurant_682,Smith Ltd,Chinese,"9337 Kristen Streets
South Valerietown, MN 78776",4.4
restaurant_683,Young Group,Indian,"77857 Kimberly Rue Apt. 540
East Christopher, CT 76737",4.1
restaurant_684,Lopez and Sons,Mexican,"612 Sanchez Avenue
Williamsview, DC 35720",4.3
restaurant_685,Myers-Bradley,Italian,"Unit 3956 Box 9296
DPO AE 61849",4.9
restaurant_686,"Sherman, Scott and Levine",Indian,"29681 Mary Lock Suite 629
Adkinstown, CO 57644",2.4
restaurant_687,"Adams, Hall and Flores",Mexican,"232 Mcknight Centers
East Loriberg, NV 15533",3.8
restaurant_688,"Oliver, Thomas and Rios",Indian,"USCGC Greene
FPO AE 44593",4.2
restaurant_689,Wilson Ltd,Indian,"Unit 0676 Box 5479
DPO AE 93792",3.4
restaurant_690,Scott and Sons,Chinese,"USNV Leblanc
FPO AA 06146",4.6
restaurant_691,Morgan-Oneal,Chinese,"654 Jenny Islands Suite 294
Maryfurt, KS 33550",4.8
restaurant_692,Barajas Inc,Italian,"4494 Michael Villages Apt. 905
East Jennifer, SD 62543",4.3
restaurant_693,Chapman Inc,Mexican,"83858 Kim Drives
South Nicholas, KS 73138",2.2
restaurant_694,Shelton Group,Italian,"2273 Cordova Springs Suite 056
South Josephfort, FL 82220",2.6
restaurant_695,Wall PLC,Chinese,"631 Mike Cove Suite 800
South Courtneystad, PR 71904",4.9
restaurant_696,"Parker, Golden and Perez",Italian,"325 Carol Street Apt. 658
South Rubenfurt, NM 68002",4.6
restaurant_697,Gonzalez and Sons,Mexican,"USCGC Molina
FPO AP 75250",2.0
restaurant_698,"Wolfe, Li and Kaufman",Chinese,"69432 Clark Fork Suite 340
North Chad, CA 17461",2.2
restaurant_699,"Stuart, Clark and Thomas",Indian,"8723 Riley Roads
Kingtown, VI 26869",3.3
restaurant_700,King-Williams,Italian,"04642 Ross Stravenue Suite 027
Whitakerville, PA 37993",3.9
restaurant_701,Howard and Sons,Mexican,"1738 Jeffrey Estates Suite 868
North Elaineburgh, AL 33058",4.9
restaurant_702,Harrison Ltd,Italian,"0590 David Street Apt. 999
Reyeschester, AS 98831",4.4
restaurant_703,"Rojas, Kim and Harmon",Italian,"6646 Young Road
West Justin, AZ 45541",2.4
restaurant_704,Roman-Medina,Italian,"376 Nathaniel Radial Apt. 337
Schultzfort, WI 62518",4.7
restaurant_705,Whitaker-Monroe,Mexican,"03972 Jessica Causeway
South Ryan, WV 08048",3.3
restaurant_706,"Molina, Marshall and Johns",Mexican,"63546 Ponce Mews
South Bianca, DE 80815",4.3
restaurant_707,Hale-Haley,Indian,"303 Martin Forest Apt. 744
North Joshuastad, AK 48622",4.8
restaurant_708,"Houston, Guerrero and Wheeler",Chinese,"61784 Reyes Summit
Port Robertomouth, IL 11065",3.2
restaurant_709,Wilson LLC,Mexican,"2909 Debra Circle
Lake Christopher, CA 86854",2.3
restaurant_710,Guzman Inc,Indian,"34289 Melanie Motorway
Vaughanland, IA 95645",3.3
restaurant_711,"Hunt, Powers and Banks",Italian,"USNS Bell
FPO AP 02759",4.0
restaurant_712,Keller and Sons,Indian,"PSC 6549, Box 9023
APO AE 60002",2.3
restaurant_713,Bond-Patterson,Mexican,"0272 Roberts Flat Suite 910
South Donna, NH 31858",3.8
restaurant_714,Ruiz Ltd,Chinese,"208 Jennifer Tunnel Apt. 756
East Courtney, AK 70742",3.1
restaurant_715,Mack-Perez,Mexican,"659 Bonnie Fork
East Brandyfurt, TN 01947",4.0
restaurant_716,Ruiz-Flowers,Mexican,"658 Jennifer Lights Suite 837
West Lori, CT 29109",2.8
restaurant_717,Wilcox Ltd,Mexican,"3170 Tara Forge
Heathertown, MO 88884",4.5
restaurant_718,"Harper, George and Morton",Italian,"512 Brown Ports
Port Seanville, KY 79537",5.0
restaurant_719,Hayes-Thompson,Mexican,"6980 Roberts Ridges Apt. 946
New Carl, WY 16088",2.8
restaurant_720,"Smith, Marquez and Palmer",Chinese,"26497 Sarah Greens Apt. 227
Myersborough, MA 72716",4.0
restaurant_721,"Paul, Lewis and Weiss",Mexican,"25966 Sanders Mall Suite 406
Barbarachester, DE 15547",4.1
restaurant_722,"Lam, Cantu and Freeman",Italian,"370 Stanton Tunnel Suite 585
Mcdonaldton, UT 58066",4.4
restaurant_723,Stafford-Savage,Italian,"USNV Peterson
FPO AE 74744",4.4
restaurant_724,Allen-Hoffman,Mexican,"3294 Tracy Prairie
Jodyside, MS 51334",3.9
restaurant_725,Alvarez PLC,Indian,"468 Smith Extensions
Porterbury, IL 72081",4.0
restaurant_726,Alexander and Sons,Italian,"9172 Jose Stravenue
New Drewside, DE 17623",4.1
restaurant_727,Cox PLC,Indian,"6004 Peggy Highway
East Christopher, ID 84463",4.2
restaurant_728,Warner PLC,Chinese,"7302 Emily Oval Suite 091
Arnoldbury, MS 16117",2.0
restaurant_729,"Green, Mayer and Nelson",Chinese,"1078 Theresa Spurs Suite 871
Erichaven, NV 91532",4.5
restaurant_730,"Thomas, Montes and Little",Chinese,"282 Morgan Rest Suite 209
Port Richard, IA 17186",3.7
restaurant_731,Banks-Bernard,Indian,"5934 Morton Crossing
Romanshire, SD 15827",5.0
restaurant_732,Kelley PLC,Mexican,"5558 Wong Heights Suite 409
Heathland, AK 02062",3.0
restaurant_733,"Oconnor, Baldwin and Quinn",Mexican,"29053 Martinez Stream
Michaelshire, MA 50799",4.3
restaurant_734,"Hansen, Kennedy and Schmidt",Italian,"663 Mark Way Apt. 782
West Hannah, NV 63417",4.9
restaurant_735,"Dunlap, Baldwin and Buchanan",Mexican,"949 Kimberly Ports Apt. 045
North Theresa, ND 98612",4.0
restaurant_736,Lambert PLC,Indian,"630 Debra Square
West Blake, UT 63733",4.8
restaurant_737,Thompson Ltd,Indian,"5376 Martin Circle Apt. 784
New Sharonborough, WA 48557",2.7
restaurant_738,Vaughn-Bennett,Italian,"PSC 0809, Box 5518
APO AP 56216",4.5
restaurant_739,Diaz-Henderson,Mexican,"PSC 7087, Box 9252
APO AA 52818",2.6
restaurant_740,"White, Gonzalez and Mccullough",Chinese,"6084 James Points Apt. 032
South Richardton, DC 49707",4.0
restaurant_741,Moody Group,Chinese,"276 Brandi Vista Suite 356
Tracitown, TN 62878",4.4
restaurant_742,Mayer and Sons,Chinese,"729 Bailey Fort Apt. 558
Wardtown, AK 17031",3.1
restaurant_743,"Lewis, Robinson and Allen",Indian,"7253 Frank Squares Suite 923
Hernandezborough, RI 20456",2.0
restaurant_744,Cook and Sons,Mexican,"09844 Scott Run
Mirandamouth, MH 82644",5.0
restaurant_745,Calderon Inc,Italian,"8066 Michelle Avenue Suite 826
Jeffreyberg, UT 30181",3.7
restaurant_746,Salas and Sons,Italian,"188 Fox Extensions Apt. 948
Kelseyview, RI 57107",4.9
restaurant_747,"Lawrence, Williams and Jones",Chinese,"Unit 7405 Box 5851
DPO AP 36138",2.6
restaurant_748,Harper-Moore,Chinese,"62472 Ferguson Divide
Port Crystal, OH 90486",3.1
restaurant_749,Rodgers Group,Chinese,"1905 Rebecca Common
North Roberthaven, WY 60240",2.7
restaurant_750,Powell-Hernandez,Chinese,"Unit 8960 Box 3277
DPO AE 09105",2.6
restaurant_751,"Lee, Reynolds and Johnson",Chinese,"5441 Rivera Camp Apt. 525
Kimberlyhaven, IN 56292",2.3
restaurant_752,"Martin, Boyd and Ramos",Mexican,"00183 Martin Prairie
Patelview, AS 61613",4.8
restaurant_753,Griffith-Griffin,Chinese,"566 Jasmine Throughway Suite 284
Stephanieville, OK 06841",4.1
restaurant_754,"Richardson, Riggs and Reeves",Indian,"USNV Glenn
FPO AA 39871",2.1
restaurant_755,Dalton-Lambert,Indian,"3842 Lindsay Ranch
Darrylfort, NE 38277",4.9
restaurant_756,"Duffy, Moore and Turner",Indian,"94619 Seth Path
Scottbury, PR 70839",4.7
restaurant_757,"Clark, Scott and Elliott",Italian,"30981 Stephenson Junction Suite 643
Port Annetteport, AZ 55229",3.3
restaurant_758,Mcguire PLC,Indian,"69985 John Rapids
New Clarence, MS 66461",4.9
restaurant_759,Harris and Sons,Mexican,"798 Braun Pike Apt. 441
North Ronnie, NJ 13658",3.6
restaurant_760,Edwards-Thompson,Chinese,"67282 Tracy Ports Apt. 485
Gutierrezville, PW 12895",4.8
restaurant_761,"Carter, Robles and Robles",Mexican,"920 Wilson Stravenue Suite 964
Clarkville, NJ 33402",4.7
restaurant_762,Rodriguez Group,Mexican,"7380 Bell Forge
Carolynberg, MT 29093",4.6
restaurant_763,Schroeder-Morris,Mexican,"552 Kimberly Village
South Lisa, ID 70491",4.1
restaurant_764,"Rodriguez, Greene and Yang",Italian,"9066 Smith Row
North Beverlymouth, MS 62935",3.3
restaurant_765,Ruiz Ltd,Mexican,"23147 Curry Road Suite 106
Robertview, TX 15633",4.9
restaurant_766,Booth PLC,Mexican,"USCGC Stone
FPO AE 40854",3.9
restaurant_767,Watkins-Yang,Indian,"2187 James Shores
West Tracyville, MI 05687",4.0
restaurant_768,Buchanan-Stewart,Mexican,"0483 Owen Curve Apt. 720
South Emily, UT 70244",4.5
restaurant_769,"Watkins, Moore and Perez",Chinese,"4372 Frank Square Apt. 298
North Katelynshire, CT 64467",4.1
restaurant_770,Russo PLC,Indian,"24366 Andrew Extensions Suite 454
Port Candaceville, AR 36109",2.9
restaurant_771,Flores PLC,Mexican,"033 Jamie Garden Apt. 273
Clairestad, CT 33051",3.0
restaurant_772,Moran Ltd,Mexican,"2923 Jennifer Greens
South Chelseastad, UT 98856",3.3
restaurant_773,"Williams, Nguyen and Smith",Italian,"141 Matthews Ville Apt. 416
East Elizabeth, VT 90012",2.5
restaurant_774,Murray-Dawson,Mexican,"925 Singh Walks
Tammytown, NM 99259",2.0
restaurant_775,Martinez Inc,Chinese,"14216 Sonia Fields Suite 303
Colinville, DC 45020",4.3
restaurant_776,Reed Inc,Mexican,"71049 Karen Coves
Morganmouth, SC 92558",4.3
restaurant_777,White Inc,Italian,"7448 Wilson Trail
Gregmouth, WY 59293",4.6
restaurant_778,Johnson-Mccoy,Chinese,"569 Reed Loaf Suite 634
Matthewberg, MT 67178",3.8
restaurant_779,West-Moore,Indian,"970 Miller Burgs
Jenniferview, GU 54326",2.3
restaurant_780,Salazar-James,Indian,"9789 Rivera Lights
Mollyton, WI 03170",4.9
restaurant_781,Jensen Inc,Italian,"56083 Aguilar Lodge Apt. 294
Thomastown, DC 97013",4.9
restaurant_782,Gray-Crawford,Chinese,"16140 Leslie Flat Apt. 571
East Angela, MA 03180",3.4
restaurant_783,Baker Inc,Italian,"5666 David Brook Suite 432
Lake Victoriastad, NY 73068",3.4
restaurant_784,"Hall, Beck and Terrell",Italian,"PSC 3656, Box 1441
APO AA 77605",4.3
restaurant_785,"Kirk, Forbes and Anderson",Indian,"387 Palmer River Suite 511
Douglaschester, ME 35144",2.5
restaurant_786,"Martinez, Marks and Ryan",Indian,"09072 Hernandez Estates Suite 715
West Susan, UT 31928",4.4
restaurant_787,Dennis-Parker,Italian,"829 Hudson Knolls Apt. 795
Owensfurt, VA 67745",4.3
restaurant_788,Choi PLC,Mexican,"374 Gibson Meadows
Espinozaberg, TN 56010",2.7
restaurant_789,Fields-Livingston,Mexican,"458 Christian Drive
Amyville, NH 06879",4.5
restaurant_790,Montoya-Henderson,Mexican,"949 Walker Summit
Jacquelinetown, OK 83692",4.3
restaurant_791,Bryant Inc,Chinese,"2355 Susan Keys Suite 028
Fernandezstad, TX 61252",3.4
restaurant_792,"Thompson, Robbins and Hughes",Mexican,"07634 Patrick Greens Suite 913
Port Richardton, GA 91313",3.7
restaurant_793,Johnson PLC,Indian,"53535 Matthew Keys Apt. 843
Angelaburgh, IN 11441",2.4
restaurant_794,"Duncan, Burton and Sanders",Mexican,"2327 Miller Union
Jacquelineview, IL 54888",4.5
restaurant_795,Yoder-Acosta,Indian,"123 John Streets
Meyerside, MP 13017",4.0
restaurant_796,"Richardson, Hall and Flores",Mexican,"671 Marshall Light Apt. 346
South Jack, TN 02669",2.5
restaurant_797,Smith Group,Italian,"2972 Shaw Alley Apt. 142
Shawtown, LA 39699",3.9
restaurant_798,"Francis, Morrow and Hardin",Italian,"15790 Kristina Mall Suite 587
Lake Susan, DC 02270",3.5
restaurant_799,"Meza, Vargas and Ramirez",Chinese,"5656 Shea Springs Suite 616
Farleystad, TN 80448",4.2
restaurant_800,"Williams, Wilson and Daniels",Italian,"072 Tiffany Estate Apt. 787
Moodyborough, NE 19669",3.2
restaurant_801,Todd Ltd,Chinese,"172 Adams Bypass Suite 110
North Michael, AK 23808",2.1
restaurant_802,"Hernandez, Hall and Ramos",Chinese,"9799 Hicks Hills Suite 981
West Ericton, CA 05129",2.1
restaurant_803,"Hansen, Roth and Grant",Chinese,"8535 Steven Isle
Jacksonstad, VA 90916",4.8
restaurant_804,Gill-Bonilla,Chinese,"7503 Travis Turnpike Apt. 574
Moorestad, CA 84238",3.6
restaurant_805,Martinez-Davis,Mexican,"147 Madden Mews
South Larry, MT 00515",2.2
restaurant_806,Thomas-Medina,Chinese,"9052 Thornton Well
Bryantborough, SD 25233",2.3
restaurant_807,Wolfe PLC,Italian,"14138 Marcus Street
East Brian, SD 24701",3.5
restaurant_808,Newman PLC,Italian,"65521 Brown Mountains Suite 700
Heidibury, KY 52203",4.6
restaurant_809,"Stephens, Hughes and Powers",Chinese,"8688 Santos Locks Suite 945
Port Rachel, PR 28275",4.0
restaurant_810,Mckee PLC,Indian,"1413 Lee Turnpike
Sweeneyside, CT 96944",3.5
restaurant_811,Carr-Lopez,Italian,"5840 Matthew Ports Apt. 185
West Katherine, ID 02058",3.4
restaurant_812,Spencer-Cohen,Mexican,"45547 Ryan Parkways Apt. 028
South Darrenton, WA 46813",4.7
restaurant_813,"Gardner, Lee and Curry",Chinese,"765 Adams Village
South Lucas, UT 64335",2.9
restaurant_814,Bailey-Gibson,Italian,"1976 Roberts Flats Apt. 535
West Marymouth, HI 44198",4.9
restaurant_815,"Dixon, Allen and Roberts",Indian,"5126 Nicole Square
Port Rebecca, AR 21766",4.5
restaurant_816,Webster LLC,Indian,"160 Snyder Parkway Apt. 801
Webbmouth, MH 77514",4.1
restaurant_817,Nelson Ltd,Mexican,"382 Bryan Mountain
Jonathanhaven, TN 81919",4.2
restaurant_818,Holder Group,Chinese,"7084 Harris Skyway Apt. 505
North Sarabury, MP 08301",4.2
restaurant_819,Hoffman and Sons,Mexican,"Unit 0388 Box 4969
DPO AP 19690",2.5
restaurant_820,Wolf PLC,Italian,"54906 Schmidt Islands
Lopezfort, NV 69745",2.9
restaurant_821,Black-Shelton,Chinese,"840 Caldwell Mountain
South Sandraberg, MP 98495",3.8
restaurant_822,Hall and Sons,Italian,"838 Rice Corners Suite 445
North Johnton, MA 80498",2.2
restaurant_823,"Nelson, Freeman and Walker",Mexican,"82386 Jackson Lock
Johnsonmouth, NC 65529",2.2
restaurant_824,White and Sons,Italian,"0467 Mccarthy Ports Suite 875
North Ericville, KS 20087",2.2
restaurant_825,Green-Thompson,Italian,"720 Elizabeth Lodge
West Colleen, NC 14916",4.4
restaurant_826,Wilson Group,Italian,"011 Baker Land Apt. 606
Graceshire, NH 13246",3.3
restaurant_827,"Bell, Curtis and Randall",Indian,"Unit 5518 Box 1583
DPO AE 28158",4.1
restaurant_828,Mitchell-Wilson,Indian,"Unit 9884 Box 4570
DPO AA 24411",4.9
restaurant_829,"Lucas, Peterson and Lawrence",Italian,"PSC 0918, Box 4346
APO AP 97414",4.8
restaurant_830,"Taylor, Thompson and Neal",Chinese,"7071 Brenda Viaduct
Dunlapville, NC 81208",2.3
restaurant_831,Woodward-Winters,Chinese,"889 Decker Curve Suite 799
Gonzalesville, TX 94939",4.7
restaurant_832,Gibson-Johnson,Italian,"821 Walker Lane
Lake Jocelynmouth, PW 21790",3.2
restaurant_833,Green LLC,Chinese,"704 Megan Station
Port Phillip, PR 19665",4.2
restaurant_834,Hill-Miller,Indian,"30652 James Springs
North Brandi, ID 91733",4.4
restaurant_835,Boyer-Harris,Chinese,"670 Daniels Wall
Andrewsshire, AZ 42133",4.5
restaurant_836,Rivera Inc,Italian,"56486 Armstrong Stream
South Davidville, MP 21553",4.0
restaurant_837,"Cain, Marsh and Chapman",Mexican,"USNS Cross
FPO AA 86845",3.8
restaurant_838,"Turner, Dickson and Berger",Italian,"506 Shelly Mountain
Port Donaldfurt, ME 57685",2.6
restaurant_839,Harris Inc,Chinese,"6749 Robin Fords
Port Samanthachester, NM 78459",2.6
restaurant_840,"Baker, Patterson and Ponce",Indian,"48799 Johnson Camp Suite 594
South Samanthaburgh, PR 66757",3.7
restaurant_841,"Grant, Farrell and Williams",Mexican,"37476 Jason Key
West Jessicafort, CO 27520",4.9
restaurant_842,"Mack, Thomas and Wolfe",Indian,"6080 Johnston Vista
Mcdowellchester, CT 21223",4.7
restaurant_843,Marks-Jordan,Italian,"4194 Ronald Ville Apt. 429
Byrdside, NE 57287",4.7
restaurant_844,Coleman-Glover,Indian,"043 Barnes Plain
Alyssatown, FL 44892",3.0
restaurant_845,Soto PLC,Chinese,"188 Diana Shoals
Margaretfurt, SD 04768",4.3
restaurant_846,Wilson PLC,Chinese,"PSC 0478, Box 9745
APO AE 88365",2.2
restaurant_847,Osborne and Sons,Indian,"USNS Rose
FPO AA 43009",4.1
restaurant_848,Cook Inc,Indian,"46953 Olson Forges Apt. 544
North Dawnfort, ND 24858",2.8
restaurant_849,Fields PLC,Indian,"065 Burke Radial
Tamarafort, WV 18352",4.9
restaurant_850,"Briggs, Ayala and Hendrix",Italian,"PSC 5613, Box 8032
APO AE 88729",4.0
restaurant_851,Castillo Ltd,Chinese,"617 Matthew Vista Suite 739
Tateburgh, OK 53340",3.0
restaurant_852,Torres LLC,Mexican,"9949 Kimberly Street
Tiffanyport, DC 71806",4.0
restaurant_853,"Conner, Snyder and Casey",Chinese,"0441 Hayes Locks Suite 732
Mackside, NJ 54747",4.3
restaurant_854,Graves-Tate,Chinese,"05648 Michael River Apt. 014
New Patriciaton, FL 93381",3.1
restaurant_855,"Beasley, Adams and Harris",Mexican,"USCGC Moss
FPO AA 26768",2.3
restaurant_856,Thomas PLC,Chinese,"67594 Reed Keys
Lake Kristine, PR 92933",4.7
restaurant_857,"Morris, Smith and Cross",Chinese,"737 Fitzgerald Cliff
Longfort, UT 83367",3.6
restaurant_858,Morgan-Haynes,Mexican,"28396 Michael Unions
Katherinemouth, MN 87884",2.8
restaurant_859,Padilla Inc,Chinese,"03540 King Burg Apt. 962
Philipburgh, ND 95477",2.9
restaurant_860,Hill-Farley,Italian,"853 Kent Fork
Matthewside, NY 66477",2.0
restaurant_861,Murillo PLC,Mexican,"304 Mitchell Pines
West Dennis, LA 63974",4.1
restaurant_862,Gentry Group,Mexican,"22057 Amanda Stream
Melissastad, AR 46630",3.6
restaurant_863,Beasley Group,Italian,"30608 Martinez Dale Suite 857
Christopherside, NM 34469",4.5
restaurant_864,"Rios, Bishop and Smith",Italian,"44037 Brown Gardens
West Teresa, GA 33073",4.4
restaurant_865,Mills-Lewis,Italian,"4623 Oconnell Pines Apt. 029
West Virginiaside, FL 67224",4.4
restaurant_866,Wall-Austin,Chinese,"0202 Bell Center Suite 950
Richardburgh, RI 49568",4.8
restaurant_867,"Brown, Singleton and Garrison",Italian,"0334 Jocelyn Plaza
Lake Ruth, NV 82689",3.7
restaurant_868,Avila Inc,Mexican,"4256 Nicole Park Apt. 450
Collinshaven, VT 57243",2.1
restaurant_869,Figueroa LLC,Mexican,"81187 Flynn Station
Lake Barbarafurt, NC 63998",4.1
restaurant_870,"Jackson, Carter and Cobb",Italian,"02294 Vasquez Cliff
Russellbury, TX 05145",3.8
restaurant_871,Velez-Gardner,Indian,"8779 Matthew Street
Smithland, VI 61008",3.4
restaurant_872,Farley-Walton,Indian,"57914 Blevins Land
Nicholashaven, DC 33551",4.5
restaurant_873,Smith-Lambert,Chinese,"05796 Scott Cliff
Port David, ID 01163",4.8
restaurant_874,Ayala-Thomas,Italian,"501 Brandy Cove Apt. 488
Susanhaven, MT 66428",4.8
restaurant_875,Gibson Group,Indian,"50513 Williams Mews
Obrienland, WY 70477",4.2
restaurant_876,Coleman Inc,Mexican,"Unit 8696 Box 8210
DPO AP 69697",3.6
restaurant_877,Harmon Ltd,Italian,"6722 Wilson Walks
South Karen, TN 19466",5.0
restaurant_878,"Haynes, Smith and Andrews",Mexican,"4226 Jennifer Key Apt. 261
New Jeffreyberg, MT 50358",4.4
restaurant_879,Logan Group,Indian,"PSC 8235, Box 8582
APO AP 69099",3.3
restaurant_880,Stokes Group,Chinese,"USS Turner
FPO AA 39772",4.7
restaurant_881,"Dodson, Waller and Nichols",Italian,"879 Justin Locks Suite 018
South Michaelbury, IN 78722",3.4
restaurant_882,Mcconnell Group,Italian,"619 Lauren Highway Suite 006
Michaelhaven, IA 56496",4.5
restaurant_883,Barr PLC,Chinese,"728 Patricia Springs
Munozmouth, AR 61949",2.2
restaurant_884,Gates-Hansen,Indian,"6516 Christine Pike
New Paulstad, GU 63349",4.0
restaurant_885,Howard LLC,Indian,"9988 Victoria Plain
Williamsshire, VA 08559",3.8
restaurant_886,Drake-Byrd,Mexican,"764 Mcdonald Squares
Jasonview, TX 29491",3.6
restaurant_887,"Clark, Riley and Petersen",Chinese,"80599 Medina Track Apt. 703
Gutierrezview, HI 31797",4.8
restaurant_888,Cruz and Sons,Chinese,"534 Wallace Corner
Lake Williamport, HI 99315",3.4
restaurant_889,Nguyen LLC,Indian,"57857 Doyle Islands Suite 267
Andrealand, PA 29900",2.8
restaurant_890,Cabrera Group,Mexican,"84668 Acosta Gateway Suite 269
North Hannahfurt, FM 70799",4.4
restaurant_891,"Donovan, Hansen and Robinson",Chinese,"3109 White Squares
North Kimberlyfort, VA 26806",3.5
restaurant_892,Williams Group,Indian,"7258 Kevin Village Apt. 581
West Thomashaven, WV 56963",3.4
restaurant_893,Levy-Gutierrez,Mexican,"350 Kyle Parkway Suite 817
New Amy, NY 48494",3.2
restaurant_894,Cabrera Group,Italian,"03445 William Ferry
Saramouth, ND 17026",4.7
restaurant_895,"Singh, Ross and Vazquez",Italian,"2509 Nguyen Walk
Mcintyretown, MH 92244",2.7
restaurant_896,"Henderson, Carpenter and Pittman",Indian,"PSC 5403, Box 7965
APO AP 00856",4.2
restaurant_897,Lewis Ltd,Indian,"411 Lisa Parks
North Jerry, ND 58292",2.6
restaurant_898,"Zuniga, Smith and Miller",Chinese,"76502 Ellis Ranch Suite 468
Lisabury, AR 90574",3.8
restaurant_899,"Pearson, Carroll and Larson",Indian,"38878 Anderson Knoll
West Tammyhaven, MS 90967",4.3
restaurant_900,Henderson-Nguyen,Indian,"69290 Robinson Run Apt. 747
Michaelville, UT 73712",4.4
restaurant_901,Cross Ltd,Italian,"0626 Jones Ridges Apt. 114
South Veronicaborough, CO 27707",3.3
restaurant_902,"Bradley, Harris and Brown",Chinese,"244 Julia Burg
New Cherylchester, WY 48891",4.9
restaurant_903,Soto Ltd,Mexican,"70106 Lee Bypass Apt. 638
Port Danielchester, CT 79553",2.2
restaurant_904,Phillips-Smith,Chinese,"2910 Payne Fields Suite 982
Brianachester, NJ 49376",2.8
restaurant_905,Henson-Vance,Mexican,"8512 Cooper Locks
Williamsonhaven, NH 37207",4.7
restaurant_906,Ross Inc,Italian,"PSC 3650, Box 3805
APO AA 17171",4.8
restaurant_907,Frey and Sons,Mexican,"Unit 6870 Box 8453
DPO AE 98863",2.6
restaurant_908,"Kennedy, Simmons and Young",Chinese,"58698 Vargas Corners
Robertstad, GU 23461",4.8
restaurant_909,Bowman-Dyer,Chinese,"058 Timothy Crest
Douglasside, GA 34445",3.8
restaurant_910,Harrell-Taylor,Chinese,"229 Jones Mews
West Codyville, ME 74328",3.2
restaurant_911,Turner-Adams,Italian,"7828 Stone Vista Apt. 021
Briannamouth, ME 36641",2.1
restaurant_912,Haynes Group,Mexican,"17722 Cheryl Glen
Mackton, HI 24177",3.4
restaurant_913,"Bishop, Baldwin and Donaldson",Chinese,"0097 Solis Ports Apt. 369
New Nicole, SD 18583",3.0
restaurant_914,"Johnson, Green and Bowers",Mexican,"Unit 6625 Box 0679
DPO AE 50819",3.0
restaurant_915,King Inc,Indian,"1236 Cynthia Skyway
Sonyaberg, NY 84349",3.2
restaurant_916,Phillips-Anderson,Chinese,"257 Theresa Path Suite 666
West Mary, MO 68730",3.8
restaurant_917,Collins Ltd,Indian,"9225 May Roads Apt. 276
Hayesberg, OH 23756",4.4
restaurant_918,Berger-Preston,Mexican,"USS Russell
FPO AA 15576",2.7
restaurant_919,Wolf-Walker,Chinese,"7447 Cross Garden Apt. 013
Darleneville, WY 36436",2.9
restaurant_920,"Mcguire, Butler and Lopez",Italian,"4219 Michael Divide Suite 523
Salazarborough, TX 66066",4.9
restaurant_921,"Dean, Simpson and Ellis",Chinese,"40917 Walton Plains
North Danaborough, KY 45737",2.2
restaurant_922,Barber-Hughes,Indian,"7467 Ward Turnpike
Markborough, IN 14643",2.0
restaurant_923,Miller LLC,Indian,"4613 Daniel Place
Cathytown, CT 49651",4.8
restaurant_924,"Taylor, Dennis and Bennett",Italian,"633 William Branch
Carriefort, MP 54344",2.3
restaurant_925,Larson-Martin,Chinese,"11744 Paul Mountain Apt. 294
Danaview, MI 72624",2.7
restaurant_926,"Ford, Green and Nunez",Indian,"8060 Lori Port Apt. 085
Gregoryburgh, GA 69984",2.1
restaurant_927,Phillips Ltd,Italian,"7395 Teresa Station Apt. 837
Brandonbury, NY 83132",4.9
restaurant_928,Lee-Mcgrath,Mexican,"578 Elizabeth Circles Suite 767
Lake Terri, DE 33311",4.0
restaurant_929,Greene-Boyd,Mexican,"29124 Chad Villages
Murphystad, OH 19818",3.2
restaurant_930,"Brown, Underwood and Adams",Indian,"112 Melissa Stream Apt. 700
North Chadberg, WI 92768",3.1
restaurant_931,"Montgomery, Wagner and Howard",Italian,"959 James Centers Suite 434
North Cynthia, AL 42465",2.8
restaurant_932,Adams-Payne,Indian,"4852 Smith Green Apt. 277
New John, IA 04581",2.8
restaurant_933,"Wilson, Conrad and Ross",Italian,"691 Andrea River
Alanmouth, NE 59761",3.1
restaurant_934,Chambers Group,Italian,"656 Campbell Passage
Lake Teresa, NJ 31249",4.5
restaurant_935,Scott Inc,Indian,"10056 Tracey Pass
Hollandstad, WY 15417",4.0
restaurant_936,Carter-Lee,Italian,"8694 Lisa Hill Suite 677
Cynthiamouth, VI 93963",4.8
restaurant_937,Wheeler-Smith,Indian,"3018 Reyes Shores
Wendyhaven, VA 31641",2.6
restaurant_938,Wong-Torres,Italian,"668 Guzman Pines Apt. 006
Sheliamouth, WV 88528",4.8
restaurant_939,Adams-Rose,Indian,"774 Michael Manor Apt. 437
South Michellestad, MO 31040",3.9
restaurant_940,Pearson Ltd,Italian,"342 Keith Summit
Allenville, PR 06558",4.1
restaurant_941,Phillips Inc,Indian,"27544 Miller Dam Apt. 825
Murphybury, VA 60581",3.6
restaurant_942,"Gibson, Reynolds and Martin",Indian,"938 Tyrone Rue Suite 382
Nathanielbury, OH 68103",2.2
restaurant_943,Camacho-Huff,Chinese,"903 Keith Spur
North Christopherside, SC 39710",4.3
restaurant_944,"Smith, Matthews and Roberts",Indian,"42341 Cynthia Flat
Bellmouth, MN 81973",3.6
restaurant_945,Roberts-Mcguire,Mexican,"777 Moran Extensions Apt. 885
Christinemouth, TN 43013",2.9
restaurant_946,Jackson PLC,Italian,"4970 Nguyen Loaf
Brownbury, PR 07647",2.6
restaurant_947,Harvey Group,Mexican,"7709 Kimberly Ridge
East Paulfurt, GA 38299",2.3
restaurant_948,"Christensen, Taylor and Pratt",Indian,"823 Alyssa Curve Suite 401
Moralesfort, ND 45093",2.2
restaurant_949,Smith-Thompson,Indian,"476 Love Dam Apt. 419
East Stacey, OH 66598",4.3
restaurant_950,"Hall, Campbell and Cross",Italian,"1740 Kyle Street
Morrisonville, AZ 58694",3.7
restaurant_951,Ray Group,Chinese,"359 Ruiz Courts
Lake Lorettaside, AK 78647",2.9
restaurant_952,"Crawford, Gonzalez and Burke",Indian,"3122 Stephanie Burgs
South Nicholasshire, VA 84440",3.2
restaurant_953,"Anderson, Potter and Bates",Mexican,"736 Herrera Heights Suite 953
Faulknerport, LA 90441",2.3
restaurant_954,Green Group,Mexican,"322 Gutierrez Key
Kurtmouth, SC 38939",2.8
restaurant_955,Garrison-Evans,Indian,"7427 Adams Garden Apt. 174
Lake Kelly, PR 82189",4.8
restaurant_956,"Bowen, Rush and Combs",Chinese,"01195 Alexander Unions
Lake Austinfort, CA 57060",2.4
restaurant_957,Shannon-Bell,Indian,"PSC 3260, Box 5059
APO AA 48967",2.2
restaurant_958,"Thompson, Zuniga and Gonzalez",Indian,"261 Holland Skyway
Lake Marcusview, MI 65818",3.6
restaurant_959,Watkins Group,Chinese,"5765 James Mount Apt. 383
Cynthiaport, PA 70937",2.1
restaurant_960,Jackson-Guzman,Indian,"20892 Steven Stravenue Suite 047
Parksburgh, SC 83705",2.8
restaurant_961,"Campos, Myers and Giles",Indian,"010 Martin Mountains Suite 835
Jeffreychester, NM 69360",4.3
restaurant_962,Shaw-Pittman,Italian,"PSC 1770, Box 8792
APO AE 14236",2.1
restaurant_963,Dyer Ltd,Italian,"0495 Munoz Lane
Bondland, NY 46176",3.0
restaurant_964,"Young, Moore and Huynh",Indian,"2295 Jason Ways Suite 323
Garciaville, GA 01323",3.9
restaurant_965,Coleman PLC,Indian,"1760 Courtney Ridges Apt. 352
Zamoraburgh, MH 31106",4.2
restaurant_966,"Jones, Steele and Thompson",Italian,"468 Donald Skyway
East Lisa, MA 97111",4.7
restaurant_967,"Baker, Mcmillan and Garcia",Chinese,"39912 Tony Brook Suite 341
New Jared, NH 70760",4.5
restaurant_968,Roberts LLC,Chinese,"USNS Carter
FPO AA 77002",4.4
restaurant_969,Wright Group,Mexican,"01428 Jennifer Parkway Apt. 341
Port David, KY 73901",4.6
restaurant_970,Brown Ltd,Indian,"92815 Morton Neck Suite 509
New Judychester, SC 35616",2.8
restaurant_971,Love-Rodgers,Mexican,"26863 Laura Vista Suite 435
Margaretshire, MI 29919",2.4
restaurant_972,Kirk PLC,Mexican,"710 Stephanie Fort
New Samanthachester, KY 94449",4.7
restaurant_973,"Mckay, Jenkins and Gill",Italian,"85864 Williams Creek Apt. 869
Robinsonfort, NM 77061",2.4
restaurant_974,Atkins Ltd,Indian,"16139 Kramer Corners Apt. 923
West Anthony, CA 37240",4.7
restaurant_975,"Wilson, Miller and Romero",Indian,"75809 Joel Hills
Troyberg, UT 39173",5.0
restaurant_976,Carpenter LLC,Italian,"8653 John Drives
Johnberg, MD 35625",3.4
restaurant_977,Henson-Fox,Mexican,"16892 Samantha Valley
Johnstad, OK 36680",4.6
restaurant_978,Mcneil-Neal,Indian,"7398 Hancock Streets Apt. 646
Port Nancyfurt, IA 01799",4.0
restaurant_979,Ellis-Greene,Mexican,"6535 Andrew Roads
Rodneyland, FM 95831",3.7
restaurant_980,Cannon PLC,Italian,"123 Green Shoal
Gibbsberg, KS 00889",2.5
restaurant_981,Rocha Ltd,Mexican,"259 Sandra Dam Apt. 974
Whiteborough, CT 76304",3.4
restaurant_982,Lopez-Burns,Chinese,"6320 Lane Villages
Velasquezmouth, OK 63951",3.9
restaurant_983,"Figueroa, Morse and Rios",Indian,"6926 Garrett Landing Suite 235
South George, MD 69007",4.2
restaurant_984,Bates-Buchanan,Indian,"PSC 2671, Box 1163
APO AE 67200",4.5
restaurant_985,"Thomas, Walker and Hall",Mexican,"49667 King Mountain
North Kathryn, FL 70518",4.6
restaurant_986,Nielsen Inc,Italian,"2902 Williams Hills Apt. 571
Marksburgh, TX 67154",2.6
restaurant_987,Morrow Inc,Italian,"9668 Rush Key
North Linda, NM 50415",3.3
restaurant_988,"Adams, Ochoa and Nelson",Chinese,"454 Christine Camp
New Sarah, WV 48990",4.6
restaurant_989,Alvarez Ltd,Chinese,"03850 Stephanie Field Suite 183
Juanberg, VT 72497",3.8
restaurant_990,"Simpson, Lynch and Jenkins",Chinese,"7885 Bryan Expressway
Port Brian, UT 14973",2.8
restaurant_991,"Mcdonald, Ross and Henderson",Italian,"85174 Gina Drive Suite 609
Reginachester, DC 70836",3.0
restaurant_992,Ward Inc,Indian,"591 Paul Roads
Angelaburgh, CO 61651",4.4
restaurant_993,Burns and Sons,Chinese,"768 Cynthia Court Apt. 968
Raymondfurt, NC 35438",3.8
restaurant_994,Bruce Inc,Italian,"202 Jason Plains
Howeland, AL 79181",4.7
restaurant_995,Robinson Inc,Mexican,"6061 Thomas Motorway
North Amanda, AL 98303",4.4
restaurant_996,Olson-Nelson,Mexican,"83941 Mills Crescent Suite 778
North Nicole, MT 74085",3.0
restaurant_997,"Saunders, Elliott and Hamilton",Mexican,"8341 Reed Tunnel
Lewisville, AL 41089",3.8
restaurant_998,Garcia LLC,Chinese,"83040 Little Bypass Apt. 508
North Marcus, CT 98733",2.3
restaurant_999,Phillips Group,Chinese,"9267 Carroll Crescent
Kelleymouth, VT 02854",3.2
restaurant_1000,Newman and Sons,Mexican,"466 Seth Camp Apt. 793
Phillipsbury, NC 32377",3.6
