rider_id,name,vehicle_type,phone_number,total_deliveries
f1a27941-2361-4932-90f7-334d877f8af2,Nathan Wilson,Scooter,(273)803-2880,397
232609c1-c340-43d5-b6ca-1025e1c11bdf,Jennifer Thompson,Car,712-741-8492x67792,352
f9e47a43-dd08-4772-aa93-2c945362b245,Jason Petersen,Car,334-781-9422,198
c06ea332-adb4-4a90-baca-23e28a139924,Kimberly Hamilton,Car,+1-856-335-7550x24374,108
c75fe3fe-589e-440f-b941-ed3bd9fe0a94,Joann Ho,Scooter,(370)594-2979,175
323273d4-a178-40cd-a88b-94bfa37e9a49,Vanessa Taylor,Scooter,738-577-7176,225
f844cfd9-b6b5-4670-b212-91521d3f1330,Kelly Mitchell,Car,464.821.0859,312
bb1ede80-5a4e-4c80-938e-e28ab66bc280,Alicia Taylor,Bike,445.855.2529x424,419
39c13be9-0aea-4ef5-9208-5a6dc519b271,Jeremy Curtis,Car,(270)719-4404,18
3f038eba-9613-4a84-8724-51883bcaf24f,Aaron Murphy,Bike,910-295-0680x0502,91
ba81a735-364a-418f-b452-42e759a7d406,Travis Miller,Scooter,+1-327-818-0881x4108,31
107b7625-96e1-4965-aebe-9b5d37f7be46,Allison Dean,Bike,(246)770-4800,18
164db5db-99fc-4323-bf69-6e6f7076ee68,Hannah Lyons,Car,001-924-431-6082x9084,345
97e7f9bd-912f-4fe5-ad15-d77d094cff9c,Bryan West,Car,(884)305-8609x848,330
fe01a98c-ec75-45de-b2b6-6b7d57caad30,Frank Sanchez,Scooter,904-984-4702x92786,474
928b0f0f-9240-4e40-91d3-91e99f485306,Mark Kim,Car,450-951-3461,393
8341a772-b0ec-4752-a252-5f88a50212dc,Mark Baker,Car,453-279-8884x597,68
3d3a59b3-3d65-4502-bc05-a4991bead008,Adam Ferguson,Car,482.558.1005x1491,196
eb1d2c86-9d01-410d-85dc-cd4776db812f,Christopher Cobb,Bike,(456)224-4011x0584,385
ab4e5272-0f47-49b3-8974-6021037d27d6,Donna Dennis,Car,(626)441-3264,199
a96910db-346b-4b6e-8b45-e26b411a0d5b,Miranda Scott,Car,+1-657-743-7619x535,381
401209bb-4f2b-4461-a37a-3ce8388a262d,Connie Wilson,Bike,680-217-1882x5927,428
7a96415b-f3e0-4204-8d9b-a9c643dad8c7,Michelle Gonzalez,Car,001-459-813-9687x81267,296
4900d035-ca2d-4dac-b62f-98b50e0c3b04,Emily Ryan,Bike,+1-227-882-2380x17012,482
907ab591-b04b-4e57-a5ab-a259b3e5ca32,Kristin Holmes,Bike,561.537.7730,328
8db39cec-276c-4f04-9ce4-be84ddd259cf,John Anderson,Car,883-358-9054x1656,401
124e5c3f-d22c-4629-8fa5-a0bfafbbd4df,Matthew Phillips,Bike,+1-557-318-9188x15990,362
a608d930-c3fb-4d9f-934e-e41cd06227c9,Cesar Brown,Scooter,846-743-6134,303
547a37a8-fada-4508-aae8-031571589114,Lee Pruitt,Scooter,636-598-4933,352
0d2d8177-38bf-4251-ad57-331d290fd198,Stephen Ross,Bike,(389)480-8042x43785,456
a713aced-1ac1-4944-a34a-84b964b790b4,David Bell,Bike,206.581.0628x5569,273
b13c64d8-7d41-4f4d-b4a7-8650df993182,Marcia Molina,Scooter,988-627-7211,142
e619aebb-9f58-4ca0-bd63-a7702099cb99,John Harding,Bike,+1-762-722-5303x55232,85
0816fa54-a3d1-4137-b9d1-40a9d3cea933,William Alvarado,Car,455.942.8813x9134,106
7940d47f-d35b-49ce-9790-e34a50907b89,Cheryl Castillo,Scooter,(903)251-9695,33
0d812c44-aa00-4cc8-8c97-7c0a33575f59,James Simpson,Bike,396-662-0213x1627,125
e0c95ba6-2b9a-405a-ba47-999f3147020f,Mr. Michael Roy,Bike,001-881-995-6035x47239,306
252dd609-5863-47c3-93d1-0c2c6b755099,Deborah Bennett,Car,001-563-569-0158,376
9d2f3369-4b44-4b43-b6be-4f7f59bf1dd9,Adam Matthews,Scooter,291-865-4444,94
a440c442-c2ae-4f27-b09a-9c4d4509af5a,Christopher Martinez,Scooter,357.584.6589x58427,386
5793169b-24ea-4b77-a452-6f13f1f16595,Eric Maxwell,Car,603-744-7223x713,29
1a5d14bb-09fd-4403-8fca-1ba1bbbc8c02,Stacey Christensen,Car,657.307.5679x92826,374
56058f14-92a8-428d-80ed-a98ccf3708e0,Gregory Oneill,Scooter,(910)656-8594,462
95ceefb5-726d-43ec-bc41-bb0e1f71fd15,Jennifer Alvarez,Scooter,(643)694-2296x3721,292
e7bd01a3-9168-4313-a474-cbf39fc197d4,Christopher Flores,Scooter,2608357207,492
96bfc616-6337-42e7-9ac5-de08d94d50d6,Albert Mcgee,Scooter,+1-707-267-9375x0547,453
36850915-dc79-40d0-8239-88322ac472ad,Matthew Curtis,Scooter,314-816-1616x025,171
fc62aae4-bc92-4047-a51d-7ebb373f440b,Theresa Garcia,Scooter,498.565.4823,414
7f6d70cf-8291-4fb8-a68b-9a3b46ee47cc,Nancy Meyer,Car,207-388-9582x8569,157
273d0410-7182-46a8-b3e4-d94f8031630f,Nicholas Bryant,Bike,828.284.4405x3267,79
56980b1e-1779-4765-a7df-6f4265cf7445,Mrs. Patricia Pierce MD,Car,(464)768-8897,87
0ff5592b-3f27-4660-8ff9-f89b9cf62273,Mark Ramirez,Scooter,001-810-471-7156x810,110
9026923c-34be-45ac-93c0-6ce33e69dce8,Jeff Nguyen,Car,001-944-470-6005x25914,107
7cf1dd07-4c43-4539-80fd-495cc0ca3692,Eric Davis,Scooter,856.670.7292x6514,153
102bbe7e-3d55-45e7-8913-d82b5b3c7bc8,Andrea Hudson,Car,001-329-927-1880x944,467
240e8a22-9447-416d-88ca-d2b8f654503f,Kim Johnson,Scooter,001-734-997-8951x33842,371
3568769e-d1b7-491e-82a0-8c0200d9f8fc,Scott Taylor,Bike,+1-659-607-1834x43466,273
fdc74f23-f742-4a13-b8ee-9b8c7db8e4e5,John Williams,Bike,308.670.0040x08329,42
c42dde70-a0ce-4406-8e15-0c5ed0d62848,Ryan Kennedy,Car,6368672302,374
ada98bcf-8b90-4eb4-a4db-72ca4590a6df,Hayden Bryant,Scooter,879.212.5824x982,472
167fd805-4581-4bdd-88fa-76e89dd0c4e4,Mary Schmitt,Bike,001-997-543-8644x5724,222
cced5251-7d57-49fa-a9d1-1e7583284f0f,Shannon Torres,Car,962.865.3723x44271,71
e3bfcdec-0271-4dab-b868-04a6d3ac35d6,Christopher Brown,Car,+1-413-296-6129x61707,291
a70c27ad-ae33-4a9d-9c67-311ebb47f49c,Wanda Hernandez,Scooter,836-206-1034x2807,171
c0698c4f-beb7-40bb-8d86-efdc8360801a,Joel King,Bike,388.542.1513,300
286d2052-f74b-4db6-850b-1c59f420d44e,Lisa Chavez,Car,(692)878-9394x171,202
d09d2bd6-03ec-4cc0-be78-d7af13b530f0,Judy Cooper,Car,001-546-665-9301x489,105
5e53c46c-7272-432b-8558-7c0a0b9f2e4e,Joshua Smith,Bike,382.346.6143x6649,388
7d47a1ae-b293-4644-803e-80f17bad1e05,Michelle Marshall,Bike,771-694-9904x500,231
817bc6e4-6f4b-470a-82a1-8f1b15b14d33,Mary Nelson,Car,9633273333,480
74c3f53c-899f-4ac2-9404-0ccfdc1cb5a3,Joseph Peterson,Car,673-841-6264,212
7fcd842c-491d-4f7b-8c61-3c9119315ed4,Tina Johnson,Car,001-615-821-2457x179,257
8bca6082-c3aa-4ee0-8883-1d53dba88e6d,Anna Owens,Bike,001-976-390-3700,386
62247a8b-9340-46d3-9fbd-137a1022c3b0,Ruth Hanna,Scooter,001-651-308-6315x3667,120
41b2050c-29bb-426b-acf5-e93a9b4bb14a,Amanda Martin,Bike,+1-479-318-9741,149
9e20c6d5-b107-417e-b497-7098e527dd44,Matthew Hampton,Bike,732.722.5649,217
712248d9-06c2-4210-8dd3-b48a440649b4,Ryan Lopez,Bike,001-885-201-4689x4023,274
72b44525-1c4b-46b4-bd84-b3e41ddf2294,Christopher Torres,Scooter,001-855-489-9498,338
0cd039eb-3e4e-43d8-ad4c-b5ef5339752e,Carol Powers,Scooter,826.478.8652x03761,293
180a5b47-34b3-4493-bad2-298c347d7c21,Kenneth Ward,Car,(932)576-8548x560,461
84cf01ce-1756-454e-b2c5-57d9301755ec,Melanie Lucas,Bike,981.481.7974,269
ea60d1b9-19f3-4cca-a9a4-302fdf52509d,Ashley Johnson,Scooter,001-240-471-4780x32937,477
6308c809-a5c0-49a4-83b6-62b916175915,Cassandra Conrad,Car,(834)440-0288,429
311527a6-f301-4e60-b1ac-f323616afab7,Samuel Pratt,Bike,(806)367-7151x8153,24
68a78b92-0b22-450f-98bc-03eb207f048a,Corey Wolf,Bike,+1-723-966-6100x587,260
074aa29a-2b62-4834-a7be-0ce47682aae9,Joseph Townsend,Bike,289.569.0659,80
4bf2a216-b72b-4715-9043-0b462d182809,Tyler Collier,Bike,704-358-2223x42701,176
49c73b43-ce87-4ee9-b8d5-4a14a0a7c04e,Lisa Higgins,Scooter,390-732-9394x33493,199
3e22d918-8c79-4397-869c-0ce3f7d8046a,Johnny Taylor,Car,001-908-291-3426x1183,52
7cd2eb08-77cd-427f-9521-9ffb29ab6ff4,Kim Thomas,Scooter,503-711-9127,130
6d73c29c-9067-4bbe-aede-6cf49d647490,Charles West,Bike,(963)340-1766x514,496
49455a3a-ccf9-467c-b8d9-e6e141a11065,Kimberly Harvey,Bike,(698)328-1237x94521,153
a3b8a985-66f3-42a2-88b0-b270fe1ac65c,Gary James,Bike,202-832-8313x6027,377
761f9acf-97c2-4312-9c5e-b2df51e42ab1,Gary Becker,Bike,001-604-396-7191,449
f3db1718-9f1e-49b4-b244-18c99001b518,Emily Baxter,Scooter,241.608.1794x093,356
99e2d7df-5ae6-4adf-a9b4-cee90bbb53c5,James Esparza,Bike,974-371-6193x47189,212
3fcb58d6-9fb0-4e4e-9005-b3aa316706f7,Harold Lewis,Scooter,8323642976,270
bc67d514-e310-4b2a-9c93-897fc6adea5d,Steve Jones,Car,719-716-8061,458
4de1ec25-2a05-4c5d-9b37-d4738005b515,Douglas Hull Jr.,Bike,220.460.1746x82650,159
99511417-0f38-4589-a35a-37e130ebe43d,Charles Martin,Bike,001-366-886-7075x4095,299
0b726b5b-6a04-4639-bffc-ccf1c3b9d8e4,Carolyn Gardner,Bike,313.376.6285,381
096c99d6-ff35-4ddf-a511-842802ee5d08,David Ramirez,Bike,590.301.0699x4556,273
a4a59c80-5333-4b70-b50b-4397af6c9a92,Kenneth Gentry,Bike,+1-641-867-8019,82
4eebd934-67a0-4ecf-81fd-26bcf0485569,Vincent Mayo,Scooter,(204)254-1526x3511,377
3d028191-e5b2-4bf1-afb3-9ea6a8a26b26,Steven Wilson,Car,754-360-8375,141
6683f485-7853-4333-8468-1b724d751d03,Timothy Johnson,Bike,992-998-5970,408
75b12abf-312b-4dac-b1ab-b53f2e467884,Gregory Pierce,Car,+1-943-896-1859,319
a44306a5-769b-4152-b8c1-639454d6d04b,Craig Gonzalez,Bike,(524)635-5624x210,447
fafd0232-f821-45f3-a942-3e4360677d74,Laura Thompson,Scooter,001-978-350-7485,54
d41d383d-9cb4-48b9-8a05-f54f995528f4,Bryan Wallace,Bike,+1-748-549-7920x00672,437
a8305142-2ea8-45db-b9b7-a4c2c0540d2d,Tara Gray,Car,(319)470-4311x63741,427
29b79c71-ea2f-4e15-a37c-83a5e8c3d2c4,Angela Thompson,Car,419-909-5295x01792,380
910fd38e-2d91-48f3-9e91-f7f1f5678b87,Christina Jackson,Scooter,+1-787-878-0610x042,379
ce1fc600-e48c-4b61-b292-f60004f958cf,Jennifer Hurst,Bike,(550)459-5764x9855,301
600103d8-18e1-439c-a674-2920cedd9cb2,Miguel Baxter,Car,261-988-7923x73998,330
bd032067-f239-42e0-85cb-626cf67156f8,Mary Smith,Car,5225722484,240
ad8c1ab8-0bf2-4f8f-927e-4e5551b0819b,Michael Tyler,Scooter,948-866-3458x560,79
202ab80c-5e17-47e3-90d6-65459b77480e,Dawn Stone,Car,279-606-9169,282
bd03f01e-f4ec-4013-9943-834c1b7a64e7,Kimberly Lopez,Car,+1-526-217-4110x05831,409
3d86263a-8f10-4b84-af67-719bbe0fbc78,Lorraine Aguilar,Scooter,9493065378,309
3affa6d9-0b88-4589-b675-996e6ae0ec0f,Chelsea Valdez,Car,851-586-4035,103
abcff010-7f82-4220-a35b-9e1ab88158bf,Suzanne Schultz,Bike,359.860.8397x9067,21
8f0189ea-ec53-47af-bdfa-bc3eedd35a6e,Katherine Waters,Scooter,9935519148,285
cdcde8e0-226c-4ceb-aed0-614158ba4a61,Daniel Pacheco,Car,001-307-294-9062,308
0a2f1b5f-ec5a-4f63-8d2b-9afd8ae4a874,Tyler Burnett,Bike,(608)449-5416,355
254f5cd1-e300-4b7f-aae8-1fa612137c9f,Russell Davis,Car,001-509-572-5744,127
b30b6258-2d26-4356-8a07-6a2935ebefb5,Christie Peters,Bike,+1-493-605-3283x559,198
0994d828-5195-4217-82af-33fb5b09a25a,Hannah Rocha,Scooter,001-375-239-5328x187,122
97451063-2ef8-42ab-afba-9407127962d5,Elizabeth Kent,Scooter,001-747-598-8182x198,120
9c8f6d95-21b1-4657-8096-c2693814ef72,Annette Walker,Bike,+1-898-922-5054,466
718ffde8-da40-4f7e-9063-f1264943c6e2,Scott Santiago,Scooter,+1-702-497-4481x8997,277
ac77ba25-db19-4279-8a9f-1556ad87df6e,Vincent Meyers,Scooter,328-874-7962,429
0f9ae622-b130-4666-bed1-86a018752fdd,Peter Shields,Car,312.750.7238x64823,33
c1e985a4-9751-4e60-a4ed-2ebeac1b1684,Rhonda Myers,Bike,408-796-0473,371
ffd5dddd-d5ca-4fcf-a808-0f19375b047d,Jennifer White,Bike,+1-570-359-2637x2241,26
c96b806b-7d96-4353-9c9f-67fa107ff492,Charles Williams,Bike,+1-255-205-9958x93855,81
c5a6ba39-e74b-481f-8806-bed8ceec8f32,Robert Garner,Bike,+1-819-453-8203x36109,344
1ced1272-e927-46fe-99df-6950c3cefd99,Brendan Robinson,Bike,(353)657-1635,257
d4923e9a-d3ad-41c2-9164-f5a6cf3d5803,Kevin Harrison,Bike,+1-422-960-8286x1973,447
6af363a9-2215-49f8-aa3d-1f8b37861c3f,Bridget Kramer,Scooter,9956556300,277
000d5cc2-649a-4c38-8659-93e5683cd46b,Tammy Burgess,Car,+1-430-790-1548x60270,350
10c5453d-5b8a-4023-ba63-7d1f54a7473d,Cynthia Hernandez,Scooter,627-494-1219,120
526b9f60-ed47-46a3-ae38-40685a3bb573,Nicole Pena,Bike,+1-808-205-5619,156
0b34e1c9-328e-4542-b1ec-ed710382e974,Matthew Chambers,Car,001-856-560-4300,216
dc189422-bed6-401b-95e3-977a41697362,Charles Holland,Car,001-775-821-5638x808,99
0c603b35-5bc3-42c8-a087-c33a63503faa,Kristen Johnson,Bike,397-459-4618x919,376
7b7d64c5-28ee-4190-8377-cda05b630f65,Elizabeth Mullins,Car,+1-422-572-6013,237
dfd37d14-d7ee-4fa7-8ac6-8df70d7b9d43,Jessica Boyle,Scooter,001-314-371-0026,302
2d9f14c3-80a6-46b1-a209-ecb6a36693be,Sharon Lewis,Scooter,(591)365-1320x7705,388
4dfd1369-0baf-4d0d-8d19-277e2b4f8b8d,Amanda Turner,Car,001-920-769-9147x654,363
aed3ec49-6a08-43ed-8f73-ea69ccc2aea9,Christopher Wood DVM,Bike,655-652-0164x82473,465
1a094283-d277-44fa-acdc-b12eb14097c2,Sarah Murphy,Bike,(851)303-0642x3834,393
a06bc952-048a-44f1-91ca-4d2c3d7249dc,Paul Jones,Bike,901-768-6724,200
2ccc10bb-cd62-48b7-9824-c4479e7b373e,Cassie Williams,Car,356.820.9969x539,131
42649253-b9ba-4507-8a68-f7dc1943cc3c,Douglas Lawrence,Bike,2724468675,152
634c5b59-d65d-4912-a617-aa54ce762a27,Austin Jennings,Car,+1-212-475-2591x95466,336
80337f01-007a-4e38-bf17-db326f1c18ce,Stephanie Woods,Car,511-853-0454,255
57c97c48-2ae7-43cd-a525-2b573df51e27,David Stevens,Bike,(673)997-9654x809,365
ea07c4ae-4777-4c0c-b193-5229b4a4fe6b,Zachary Kim,Scooter,606.684.2224x625,416
0e9611e7-3766-4fb0-984c-17f8547bdd6b,Tamara Brooks,Car,+1-219-528-6218x74306,230
d0a013ce-269e-47e7-b141-d8a09131fc9c,Jacob Martinez,Scooter,+1-278-813-9978x898,34
fcb03e68-cd17-424f-9c8c-644cfcb22b1a,Emily Hendrix,Scooter,592.914.3585x183,483
6fd2b221-31f0-403c-906c-9c98e717121e,Joseph Malone,Bike,(423)721-5841,288
9f6c1a79-cc9a-4be1-b751-e00f1c7a5bf2,Sarah Mitchell,Bike,527.799.9751x689,286
5ca737d2-06a4-4f46-8f8e-62d719300d81,Patricia Garcia,Scooter,976-915-6206,200
c9b42c02-8ba4-40f2-9b8c-8d71703fc0eb,Dawn Fields,Car,(506)626-0070x37937,158
8dd78c09-ebe4-43bf-91ed-f47e80ef6811,Scott Dixon,Bike,861-385-0846x052,16
471d7a81-0a9f-40b1-8db8-ad3a84c0390b,Isaac Kelly,Bike,712.608.6882x19418,116
1594d378-d17f-4810-b07f-61992e94d3cc,David Mitchell,Car,(588)519-3589x191,466
a369a3fd-640f-4a53-a536-b07899bb131d,Alicia James,Car,702.720.1001,488
a7ba11f6-5558-4212-99ba-825157f882b8,Jonathan Dixon,Car,+1-851-563-1916x7120,20
4b10ebf4-ee79-4eef-8c2e-8e6af81177dc,Ralph Miller,Bike,269.519.5026,31
384d37a1-7f20-4df7-959b-27544d4f3246,Kevin Williams,Car,+1-353-227-8509x394,471
2f7c23bb-8513-49e6-ae6a-97d7324bf4ba,Christopher Williams,Scooter,001-739-427-4222,373
93c375f3-21e9-468c-8db2-dae6d880f665,Brent Lee,Car,(796)576-7396x624,264
193d8ac6-a4dd-4c59-948e-ddf430e5d4ea,Sarah Nguyen,Scooter,616-274-9842,292
d9e0fd2b-fe3c-4150-8442-60c4d8b37f6a,Todd Gordon,Scooter,243.561.8177x9690,11
60d1db55-d724-4807-a56d-b1b6b06d26b6,Deborah Potter,Car,3282241954,467
a3819042-a9fb-4e0c-90cc-5de258eea1ff,Kathleen Franklin,Scooter,001-202-994-0961x043,206
5020c0cb-3070-45fd-ae28-14437a7174b5,Monica Sullivan,Bike,937-958-2352x203,348
997782f4-bff3-4eab-9277-1677f6200288,Angela Jackson PhD,Car,794.318.4879,467
ddace08b-9300-42ab-a972-d79b79c7abb9,Amy Watson,Scooter,480-593-5615x235,436
1399f514-b313-40e7-b14d-685e142cbfa5,Nicole Mills,Scooter,966-880-7196x00154,451
a4125143-b850-4dd3-9039-3f77e7370e15,Alejandro Martinez MD,Car,672-244-2620x3168,148
9ec04e88-c90e-4895-8bde-5e4b284f780e,Timothy Scott,Car,+1-786-601-6233x67258,287
8760e0a5-772e-4989-bba4-145adea86f5e,Joel Thomas,Car,992.768.3847x021,379
106ce4e8-48b3-415c-9889-64522733b237,David Lee PhD,Scooter,685.396.3539x99983,172
5d6941b9-5ae5-4edc-a6ad-789ac8eb7533,Derek Mckinney,Car,+1-467-263-0022,485
755669ca-0563-4d72-83e1-6b74d57e647a,Francisco Ortiz,Car,908-490-2352,227
1d4dd31b-c87c-4963-ad5f-496e60353976,Arthur Hughes,Scooter,(366)442-8044,41
c01b1733-c717-4c7c-a3e9-96c28bdf8f9d,Dylan Li,Car,001-749-266-6821,389
1d90583d-c895-4213-b9ec-f5650af4604e,Sierra Robinson,Scooter,735.897.0209x47126,459
9d71b1d8-a141-4dd8-8c7c-8f608874de4e,Michael Henson,Scooter,+1-752-404-2463x0824,462
d38c49d9-708d-4ffe-9617-617a7d3676ed,Donna Snyder,Scooter,699.685.4182x3582,370
bc9c05cb-2a0e-443b-a8c5-415f8f93a9ac,Bonnie Casey,Bike,402-534-5104,166
bd0af98e-6d9c-4e37-b532-0283fd648f9b,Hannah Ruiz,Car,557.441.1711,157
f48a964c-7e1d-4d8e-b4d3-b639373449f7,Heidi Ramos,Car,+1-233-613-6826x4864,34
b131eb8b-8faa-4076-9610-6d20c78ae0a8,Briana Ortiz,Car,927.323.9830,63
0eb64b92-0831-42b9-a426-89a1a6489fa2,Jeanette Blair,Car,465-302-1947x710,364
3a5026e9-62aa-4883-9343-358d4d978f69,Joel Garcia MD,Bike,(785)692-4063x1968,351
